EmployeeID,FirstName,LastName,Department,Designation,JoiningDate,Salary,Age,YearsOfExperience,Performance_Rating,Project_Count
1001,Arjun,Verma,Sales,Software Engineer,5/27/2016,1470473,50,1,3.57,14
1002,Sneha,Reddy,Sales,Software Engineer,9/15/2021,820082,26,10,3.35,11
1003,Rohan,Desai,Finance,Senior Manager,3/14/2021,1343361,28,25,4.58,1
1004,Divya,Sharma,Engineering,Manager,6/2/2022,2480943,57,6,3.61,4
1005,Vikram,Desai,Finance,Data Analyst,9/12/2016,2028235,48,5,2.4,2
1006,Arjun,Nair,Finance,Software Engineer,12/12/2016,2225464,23,29,4.86,4
1007,Pooja,Gupta,Sales,Data Analyst,11/24/2023,2216796,46,9,4.21,8
1008,Amit,Kumar,Sales,Executive,6/30/2022,1586188,30,4,3.52,5
1009,Arjun,Reddy,Finance,Executive,1/29/2024,733797,48,10,2.17,1
1010,Rohan,Nair,Finance,Senior Manager,8/1/2022,1100607,22,0,2.49,7
1011,Rohan,Gupta,Finance,Executive,12/19/2020,2387784,44,1,3.68,1
1012,Divya,Rao,Sales,Executive,7/15/2021,2084094,31,23,1.29,9
1013,Vikram,Sharma,Finance,Manager,11/20/2023,1202153,46,0,2.03,3
1014,Sneha,Verma,Finance,Manager,10/13/2020,2444797,24,18,3.86,12
1015,Divya,Verma,HR,Manager,4/27/2021,539608,27,1,2.92,3
1016,Divya,Desai,Engineering,Executive,7/25/2016,847571,27,20,2.61,6
1017,Amit,Singh,Marketing,Senior Manager,9/26/2019,649115,23,19,1.61,10
1018,Ananya,Gupta,Engineering,Associate,2/27/2022,402780,39,28,2.77,6
1019,Vikram,Rao,HR,Associate,9/15/2017,1771816,44,22,4.08,13
1020,Priya,Nair,Marketing,Data Analyst,1/8/2017,1791422,23,20,2.06,11
1021,Divya,Sharma,Finance,Associate,2/19/2018,1117166,33,23,1.02,11
1022,Kavya,Gupta,HR,Associate,5/31/2017,1153159,43,3,3.67,6
1023,Ananya,Rao,Finance,Manager,2/23/2017,1195596,58,11,4.89,13
1024,Priya,Kumar,Sales,Manager,3/31/2019,883043,41,21,3.43,1
1025,Kavya,Reddy,Operations,Executive,1/27/2024,1900720,45,19,1.48,5
1026,Vikram,Verma,HR,Data Analyst,1/25/2020,2290242,41,17,2.28,12
1027,Rajesh,Nair,Sales,Software Engineer,11/16/2016,2142995,22,0,4.47,6
1028,Kavya,Verma,HR,Data Analyst,10/8/2015,2493654,22,29,1.93,8
1029,Pooja,Nair,HR,Data Analyst,12/15/2021,2269412,38,29,3.43,13
1030,Ananya,Desai,Sales,Senior Manager,10/29/2018,890611,22,0,2.61,1
1031,Kavya,Singh,Marketing,Executive,3/19/2023,732206,51,23,1.83,5
1032,Nikhil,Nair,Engineering,Senior Manager,8/4/2021,1037902,24,13,4.25,3
1033,Rajesh,Verma,Finance,Data Analyst,12/16/2022,1827553,32,3,3.97,2
1034,Rohan,Desai,HR,Data Analyst,9/19/2017,728556,45,4,3.65,11
1035,Rohan,Nair,Finance,Data Analyst,12/2/2021,1978083,43,10,1.95,8
1036,Pooja,Kumar,Operations,Associate,8/21/2017,2150697,47,23,1.39,7
1037,Kavya,Singh,Sales,Senior Manager,5/20/2024,1982620,34,27,3.3,10
1038,Kavya,Nair,Finance,Data Analyst,5/11/2021,780350,22,22,3.21,7
1039,Amit,Desai,Sales,Manager,3/30/2018,796232,45,12,1.75,5
1040,Kavya,Gupta,Finance,Executive,9/10/2017,1987023,31,15,1.22,12
1041,Arjun,Patel,Engineering,Executive,11/27/2016,2049182,56,23,1.32,13
1042,Sneha,Rao,Engineering,Manager,12/10/2021,2346719,45,12,4.97,9
1043,Nikhil,Patel,Engineering,Executive,3/9/2017,1726548,49,23,4.13,5
1044,Amit,Patel,Engineering,Associate,12/12/2020,2146780,57,21,4.69,2
1045,Vikram,Sharma,Engineering,Associate,8/23/2017,1175817,37,25,1.78,3
1046,Amit,Kumar,Engineering,Software Engineer,8/13/2021,2324611,37,1,4.84,4
1047,Arjun,Gupta,Sales,Software Engineer,2/22/2023,550231,38,15,1.57,5
1048,Vikram,Reddy,HR,Software Engineer,10/10/2022,1361516,36,5,3.04,13
1049,Nikhil,Nair,Finance,Executive,8/9/2022,680171,37,13,4.32,3
1050,Arjun,Rao,Engineering,Associate,11/16/2016,841220,36,0,2.4,12
1051,Priya,Singh,Sales,Associate,11/19/2015,1278935,55,16,2.7,14
1052,Sneha,Gupta,Sales,Associate,12/26/2021,1373224,32,10,1.51,7
1053,Nikhil,Verma,Sales,Manager,9/6/2018,1330451,22,18,1.49,5
1054,Kavya,Reddy,HR,Associate,4/28/2019,2430118,36,2,3.48,5
1055,Priya,Sharma,Finance,Manager,4/24/2015,720993,47,10,3.7,6
1056,Pooja,Sharma,HR,Software Engineer,8/5/2017,546331,25,28,4.11,7
1057,Nikhil,Gupta,Marketing,Software Engineer,5/3/2015,1391174,26,4,3.23,10
1058,Pooja,Desai,Sales,Executive,10/15/2023,490271,56,16,3.58,10
1059,Vikram,Patel,Marketing,Software Engineer,6/7/2017,707014,34,25,1.05,8
1060,Priya,Verma,Operations,Executive,7/27/2020,1147516,31,21,1.65,9
1061,Sneha,Sharma,Engineering,Data Analyst,5/23/2015,1303510,32,6,4.94,11
1062,Kavya,Rao,Engineering,Data Analyst,8/30/2021,317118,39,9,1.3,4
1063,Kavya,Sharma,HR,Senior Manager,3/25/2018,1371192,55,27,3.72,5
1064,Arjun,Singh,Finance,Executive,12/22/2023,2160371,44,28,1.7,5
1065,Kavya,Nair,Marketing,Senior Manager,11/16/2023,302795,28,10,3.87,8
1066,Divya,Sharma,Finance,Senior Manager,4/2/2018,1871480,24,2,3.82,9
1067,Amit,Singh,HR,Data Analyst,1/2/2024,2230873,33,19,1.94,7
1068,Rajesh,Gupta,Engineering,Executive,12/14/2024,1087163,28,9,2.08,5
1069,Sneha,Gupta,Finance,Data Analyst,4/1/2023,719007,47,26,3.62,3
1070,Priya,Reddy,Finance,Senior Manager,6/11/2023,1701156,54,9,2.56,1
1071,Divya,Sharma,Engineering,Executive,6/27/2017,523034,58,13,1.78,11
1072,Sneha,Rao,Marketing,Senior Manager,10/5/2020,1972558,36,11,3.93,9
1073,Priya,Sharma,Engineering,Associate,9/3/2015,1090671,23,14,1.62,5
1074,Ananya,Rao,Finance,Executive,12/13/2015,613559,28,9,4.42,9
1075,Ananya,Kumar,Marketing,Executive,12/24/2024,368968,53,29,3.06,10
1076,Pooja,Reddy,Marketing,Senior Manager,4/7/2018,793891,25,9,1.42,12
1077,Sneha,Kumar,Engineering,Associate,6/23/2022,884718,41,25,3.78,13
1078,Ananya,Sharma,Finance,Manager,1/23/2023,1598648,57,18,3.08,14
1079,Priya,Reddy,HR,Data Analyst,7/29/2023,2398667,53,0,2.19,4
1080,Pooja,Kumar,Finance,Senior Manager,12/20/2024,2494358,49,23,2.69,5
1081,Kavya,Patel,Sales,Executive,5/31/2017,2108566,34,28,2.19,4
1082,Priya,Sharma,Operations,Data Analyst,5/28/2015,1142672,22,25,2.05,2
1083,Pooja,Kumar,HR,Data Analyst,2/9/2019,2402738,56,9,1.65,12
1084,Sneha,Patel,Marketing,Data Analyst,4/19/2016,1318725,51,1,2.45,1
1085,Divya,Patel,HR,Manager,3/23/2015,1069565,57,16,2,8
1086,Arjun,Gupta,Marketing,Software Engineer,8/8/2018,1904050,46,29,3.73,4
1087,Kavya,Sharma,Marketing,Senior Manager,10/31/2022,2417191,37,23,3.74,5
1088,Nikhil,Patel,HR,Software Engineer,8/28/2020,1909425,40,6,3.01,6
1089,Divya,Gupta,Marketing,Software Engineer,2/15/2018,1839663,22,6,4.11,14
1090,Vikram,Kumar,Marketing,Software Engineer,7/16/2021,1298899,26,19,4.37,8
1091,Priya,Singh,Sales,Data Analyst,4/26/2017,1568306,43,26,3.32,11
1092,Vikram,Sharma,Finance,Associate,2/22/2015,2398729,45,8,3.48,8
1093,Divya,Reddy,Finance,Data Analyst,8/21/2022,407792,58,21,2.13,7
1094,Pooja,Rao,Operations,Data Analyst,3/26/2021,2120844,57,1,4.58,4
1095,Nikhil,Rao,Operations,Executive,8/14/2022,1587116,57,13,1.1,6
1096,Kavya,Kumar,Sales,Executive,5/23/2015,1251302,25,16,2.39,4
1097,Kavya,Desai,Operations,Software Engineer,5/14/2023,310785,57,0,3.89,14
1098,Kavya,Desai,HR,Data Analyst,3/11/2021,1420803,39,8,1.32,7
1099,Nikhil,Kumar,Engineering,Software Engineer,8/18/2020,1205112,37,19,1.73,12
1100,Rajesh,Patel,Engineering,Executive,3/29/2021,450653,39,20,3.36,13
1101,Nikhil,Sharma,Engineering,Associate,8/22/2023,563606,43,18,3.24,12
1102,Arjun,Rao,Sales,Senior Manager,11/12/2020,2068109,23,3,3.96,13
1103,Nikhil,Rao,Sales,Software Engineer,10/21/2020,1233015,42,27,4.25,13
1104,Divya,Patel,Marketing,Associate,11/24/2024,2048350,57,7,1.51,11
1105,Rajesh,Rao,Engineering,Senior Manager,7/25/2022,1945437,50,12,1.07,14
1106,Kavya,Reddy,HR,Manager,6/3/2019,1194235,47,3,3.76,1
1107,Divya,Sharma,Operations,Software Engineer,1/25/2022,1886250,42,8,2.21,5
1108,Divya,Nair,HR,Software Engineer,11/21/2018,686213,38,8,3.5,14
1109,Rohan,Rao,Operations,Manager,4/15/2017,1403036,37,21,1.6,10
1110,Amit,Kumar,Engineering,Manager,12/18/2020,716690,52,17,2.88,12
1111,Rajesh,Reddy,Engineering,Software Engineer,4/10/2024,1323577,30,11,3.02,10
1112,Divya,Rao,Engineering,Manager,4/14/2024,1463951,52,9,3.34,4
1113,Amit,Reddy,Sales,Data Analyst,6/1/2018,452117,35,10,3.05,11
1114,Amit,Gupta,Operations,Senior Manager,4/10/2020,1177751,58,6,2.98,7
1115,Rajesh,Nair,Sales,Senior Manager,2/11/2017,1465158,23,8,2.33,13
1116,Rohan,Verma,Sales,Senior Manager,12/13/2024,1222426,35,5,1.28,9
1117,Vikram,Kumar,Finance,Data Analyst,10/21/2024,2115879,54,18,1.36,5
1118,Pooja,Kumar,HR,Manager,6/28/2021,978066,56,15,2.74,4
1119,Arjun,Sharma,HR,Associate,1/15/2023,2177779,41,29,2.42,9
1120,Pooja,Reddy,Marketing,Manager,2/23/2022,1925199,23,14,3.06,5
1121,Nikhil,Patel,Sales,Software Engineer,12/5/2020,2101951,40,6,2.22,9
1122,Kavya,Kumar,Operations,Executive,7/14/2015,352949,58,15,3.75,8
1123,Arjun,Reddy,Finance,Senior Manager,7/18/2019,763930,39,4,4.46,4
1124,Nikhil,Reddy,Finance,Manager,9/28/2021,2492710,37,15,2.2,11
1125,Divya,Singh,HR,Associate,10/8/2021,1309260,25,0,1.77,11
1126,Kavya,Singh,Sales,Software Engineer,9/23/2018,1089148,33,18,1.46,7
1127,Priya,Verma,Marketing,Data Analyst,5/30/2024,1815509,50,4,3.47,5
1128,Rajesh,Gupta,Sales,Data Analyst,9/2/2016,1853091,28,6,2.78,10
1129,Arjun,Verma,Engineering,Associate,1/1/2020,2469068,35,18,1.75,4
1130,Arjun,Rao,Sales,Software Engineer,11/26/2021,1608166,33,21,3.61,5
1131,Divya,Patel,Engineering,Senior Manager,12/19/2021,2395104,56,4,1.59,5
1132,Vikram,Rao,Engineering,Manager,6/25/2021,2298053,26,28,3.22,11
1133,Amit,Desai,Marketing,Software Engineer,10/1/2017,1423270,38,16,3.11,9
1134,Kavya,Rao,Operations,Data Analyst,7/24/2016,1155126,53,25,3.94,12
1135,Divya,Sharma,HR,Associate,5/10/2021,1630728,31,21,1.22,9
1136,Ananya,Rao,Sales,Associate,12/27/2020,1329242,38,29,4.55,6
1137,Rohan,Verma,Engineering,Manager,10/16/2016,2467626,26,7,3.81,14
1138,Amit,Kumar,Sales,Associate,1/17/2022,650068,30,28,1.86,4
1139,Rajesh,Kumar,Operations,Associate,7/20/2019,1610624,54,28,1.73,2
1140,Amit,Singh,HR,Software Engineer,9/3/2021,2129438,57,0,2.73,14
1141,Vikram,Patel,Operations,Senior Manager,5/15/2023,1895368,57,1,4.27,3
1142,Amit,Patel,HR,Manager,9/11/2016,1403546,39,29,4.37,2
1143,Rajesh,Sharma,Finance,Software Engineer,3/11/2015,704911,30,14,3.08,5
1144,Vikram,Verma,HR,Senior Manager,10/14/2022,2280639,50,19,4.44,6
1145,Pooja,Singh,Marketing,Software Engineer,2/3/2021,2037075,35,27,1.02,11
1146,Arjun,Desai,Operations,Executive,12/28/2021,1469070,46,17,1.14,5
1147,Arjun,Patel,Engineering,Software Engineer,5/18/2023,471277,36,10,4.65,2
1148,Rohan,Kumar,Finance,Associate,1/9/2023,791966,27,24,4.1,12
1149,Nikhil,Rao,Marketing,Senior Manager,8/8/2024,1661212,50,9,2.8,5
1150,Pooja,Rao,Sales,Manager,5/10/2020,1986622,36,23,4.01,9
1151,Pooja,Singh,Operations,Manager,11/19/2019,1903344,50,23,4.82,4
1152,Kavya,Verma,Engineering,Senior Manager,1/6/2019,1527414,25,3,4.09,12
1153,Amit,Verma,HR,Associate,7/14/2016,1681710,39,4,4.37,10
1154,Arjun,Gupta,Engineering,Data Analyst,9/21/2020,2357797,37,3,4.04,2
1155,Rajesh,Nair,Sales,Software Engineer,10/8/2017,1101818,32,12,1.67,3
1156,Sneha,Patel,Finance,Associate,3/16/2024,2239726,35,24,4.33,3
1157,Sneha,Verma,Finance,Executive,10/29/2020,1123857,24,12,1.78,9
1158,Vikram,Kumar,Operations,Senior Manager,12/3/2020,520935,59,17,4.57,4
1159,Arjun,Singh,Finance,Software Engineer,7/19/2018,1173420,39,28,2.83,1
1160,Arjun,Desai,Operations,Manager,7/9/2015,2107720,41,26,3.71,1
1161,Rohan,Gupta,Operations,Data Analyst,4/26/2015,2241345,46,23,2.99,7
1162,Sneha,Reddy,Operations,Executive,3/26/2019,792503,59,1,1.38,7
1163,Arjun,Sharma,HR,Manager,11/5/2015,518599,34,15,2.16,2
1164,Rohan,Desai,Marketing,Senior Manager,1/23/2021,1833183,25,0,4.93,9
1165,Amit,Reddy,Operations,Software Engineer,10/21/2023,1940307,35,25,4.84,9
1166,Ananya,Rao,Operations,Senior Manager,10/28/2023,1640144,54,18,2.28,5
1167,Kavya,Sharma,Marketing,Software Engineer,8/2/2021,1128416,49,8,4.99,3
1168,Priya,Patel,Engineering,Associate,2/9/2017,2438657,58,27,4.38,3
1169,Pooja,Kumar,Operations,Data Analyst,8/16/2023,1244461,29,2,3.44,12
1170,Nikhil,Sharma,HR,Associate,11/9/2023,1767256,55,24,1.16,3
1171,Vikram,Nair,Finance,Associate,12/18/2016,454721,26,6,4.61,6
1172,Ananya,Reddy,Finance,Senior Manager,5/15/2022,2308145,26,28,3.23,4
1173,Kavya,Patel,Sales,Data Analyst,11/11/2017,1310165,52,9,4.47,8
1174,Kavya,Nair,Sales,Software Engineer,1/8/2023,436668,30,0,4.34,13
1175,Kavya,Rao,Finance,Software Engineer,12/18/2024,578518,53,9,4.33,11
1176,Kavya,Nair,Finance,Executive,4/20/2015,1664359,54,20,3.79,13
1177,Sneha,Gupta,HR,Manager,12/20/2023,1462586,24,8,2.17,11
1178,Rohan,Gupta,Marketing,Executive,3/22/2021,1903969,51,27,2.34,11
1179,Pooja,Singh,Sales,Executive,9/22/2024,823472,33,14,2.23,5
1180,Arjun,Desai,Marketing,Software Engineer,8/25/2019,706884,50,14,1.08,1
1181,Kavya,Desai,HR,Senior Manager,6/20/2023,559021,24,2,3.33,9
1182,Nikhil,Patel,Finance,Associate,8/16/2015,447032,47,24,3.8,1
1183,Arjun,Rao,Operations,Associate,5/8/2018,757820,51,4,4.42,6
1184,Rajesh,Verma,Marketing,Associate,9/2/2015,1189171,30,8,1.56,1
1185,Rajesh,Gupta,Finance,Data Analyst,9/30/2024,1662516,47,25,3.18,3
1186,Nikhil,Patel,Finance,Software Engineer,3/1/2023,1333237,23,21,1.03,10
1187,Rohan,Verma,Engineering,Senior Manager,7/9/2023,2018562,24,8,1.38,5
1188,Nikhil,Desai,Marketing,Data Analyst,5/16/2024,1629785,25,22,1.22,10
1189,Sneha,Singh,Operations,Manager,11/7/2015,405072,46,6,3.9,7
1190,Nikhil,Nair,Marketing,Senior Manager,11/8/2018,389360,34,23,1.32,14
1191,Amit,Gupta,Finance,Executive,9/17/2015,2459439,56,22,3.87,10
1192,Arjun,Patel,Operations,Senior Manager,2/8/2017,1007062,44,11,2,8
1193,Ananya,Sharma,HR,Senior Manager,4/17/2017,992353,30,24,4.51,12
1194,Divya,Verma,Engineering,Associate,9/9/2019,987235,23,26,4.25,9
1195,Rohan,Nair,Finance,Senior Manager,9/7/2017,1070644,52,8,4.83,6
1196,Nikhil,Gupta,Sales,Executive,1/4/2016,1455933,23,5,4.54,11
1197,Vikram,Desai,Sales,Executive,9/3/2016,1790309,53,22,4.73,9
1198,Rajesh,Rao,Engineering,Software Engineer,6/21/2016,507440,39,1,4.43,8
1199,Amit,Verma,HR,Senior Manager,9/21/2024,1546735,34,8,3.77,9
1200,Pooja,Desai,Finance,Associate,8/3/2022,2182930,26,27,1.68,10
1201,Kavya,Gupta,Marketing,Senior Manager,9/2/2024,494152,31,28,2.09,4
1202,Divya,Verma,Engineering,Manager,5/25/2019,2228356,46,16,1.85,9
1203,Rohan,Nair,HR,Manager,10/13/2017,903623,55,0,3.41,7
1204,Ananya,Gupta,Marketing,Associate,12/23/2022,1112744,58,18,3.01,5
1205,Divya,Reddy,Sales,Software Engineer,4/5/2018,1275112,51,27,4.47,5
1206,Nikhil,Patel,Sales,Software Engineer,12/28/2017,783178,28,5,4.81,1
1207,Sneha,Nair,Marketing,Executive,4/28/2017,1519925,27,4,2.62,2
1208,Rajesh,Verma,Engineering,Executive,4/18/2016,855839,24,1,3.03,10
1209,Rajesh,Rao,Sales,Data Analyst,7/25/2017,914101,34,8,4.89,3
1210,Pooja,Desai,Finance,Associate,7/20/2018,749813,24,29,2.1,14
1211,Sneha,Sharma,Operations,Senior Manager,9/26/2021,1358213,47,28,4.17,14
1212,Kavya,Desai,Marketing,Associate,8/17/2015,2178266,45,25,1.9,8
1213,Arjun,Verma,Marketing,Data Analyst,2/7/2017,1253197,27,13,3.73,6
1214,Priya,Desai,Sales,Executive,1/31/2023,1227328,33,3,2.01,12
1215,Amit,Patel,Engineering,Associate,6/20/2016,2002417,57,3,4.53,10
1216,Rajesh,Gupta,Finance,Associate,6/4/2018,851238,23,20,3.25,11
1217,Vikram,Sharma,Engineering,Executive,8/23/2023,716704,32,14,1.74,13
1218,Rajesh,Kumar,HR,Data Analyst,7/19/2016,2000734,55,7,1.9,14
1219,Divya,Verma,HR,Executive,10/29/2015,2381280,47,25,2.98,5
1220,Rajesh,Singh,Operations,Software Engineer,11/4/2019,300215,39,3,4.85,13
1221,Rohan,Kumar,Sales,Senior Manager,1/8/2018,667747,42,15,4.08,1
1222,Rajesh,Desai,Sales,Executive,8/18/2020,1155121,57,20,2.95,12
1223,Priya,Verma,Sales,Data Analyst,1/12/2023,1317375,43,27,2.35,11
1224,Priya,Reddy,Operations,Manager,5/15/2016,572544,51,3,3.2,12
1225,Kavya,Singh,HR,Software Engineer,10/20/2020,834633,51,29,3.99,9
1226,Ananya,Sharma,Engineering,Manager,1/20/2020,1382472,29,15,4.14,3
1227,Arjun,Rao,Operations,Executive,6/9/2016,1827222,55,21,2.3,3
1228,Vikram,Reddy,Operations,Software Engineer,3/27/2021,2163907,30,11,3.88,2
1229,Rajesh,Kumar,Engineering,Senior Manager,9/25/2017,1114661,41,15,3.63,4
1230,Rajesh,Gupta,Sales,Executive,11/16/2019,1616303,46,18,4.84,12
1231,Amit,Patel,Finance,Senior Manager,10/28/2015,1222401,40,7,4.72,2
1232,Priya,Rao,Engineering,Associate,8/5/2019,813622,26,5,4.16,13
1233,Vikram,Reddy,HR,Manager,1/23/2018,1420113,32,9,3.89,9
1234,Kavya,Gupta,Marketing,Software Engineer,3/21/2023,2113353,36,4,2.1,12
1235,Pooja,Gupta,Marketing,Senior Manager,7/27/2015,697783,29,28,4.38,10
1236,Ananya,Verma,Operations,Data Analyst,3/8/2019,1199084,40,17,2.71,7
1237,Arjun,Reddy,Marketing,Senior Manager,8/1/2019,770455,44,9,2.09,8
1238,Sneha,Sharma,Finance,Data Analyst,3/31/2022,532117,48,9,2.54,3
1239,Arjun,Desai,Sales,Executive,9/27/2020,2121644,53,6,4.34,6
1240,Rohan,Singh,HR,Software Engineer,9/1/2021,750985,47,17,1.59,10
1241,Divya,Singh,Finance,Senior Manager,10/7/2022,2443184,48,0,2.82,6
1242,Rohan,Kumar,HR,Senior Manager,8/14/2023,804910,40,6,2.97,13
1243,Rajesh,Kumar,HR,Software Engineer,2/19/2018,923090,50,20,1.15,1
1244,Ananya,Singh,Sales,Senior Manager,5/17/2020,2329341,54,0,1.78,6
1245,Divya,Sharma,Operations,Data Analyst,5/25/2023,2235430,40,14,4.31,13
1246,Vikram,Patel,Marketing,Senior Manager,11/20/2024,2069617,58,3,4.32,14
1247,Sneha,Nair,Sales,Manager,11/21/2023,937509,40,27,2.17,3
1248,Priya,Desai,Finance,Executive,9/17/2018,1475033,54,28,4.5,11
1249,Ananya,Patel,Operations,Associate,12/13/2016,1627296,37,19,4.09,3
1250,Ananya,Verma,Finance,Data Analyst,11/22/2019,1180432,44,9,2.67,3
1251,Rohan,Nair,Operations,Manager,5/30/2022,766995,28,22,3.99,10
1252,Rajesh,Nair,Finance,Executive,12/3/2019,2333436,47,8,4.85,11
1253,Nikhil,Reddy,Sales,Software Engineer,10/30/2019,1662836,53,1,2.84,11
1254,Kavya,Sharma,Operations,Data Analyst,5/18/2023,2366905,33,27,1.95,10
1255,Rohan,Sharma,Operations,Associate,8/12/2018,1859048,29,13,4.77,11
1256,Ananya,Nair,HR,Executive,8/5/2023,928474,26,15,3.41,8
1257,Amit,Reddy,HR,Associate,1/24/2019,989995,49,0,1.42,13
1258,Sneha,Desai,Engineering,Software Engineer,4/13/2018,1929618,26,1,3.29,5
1259,Kavya,Nair,Finance,Software Engineer,7/16/2019,2490002,47,6,3,4
1260,Rohan,Rao,HR,Data Analyst,8/14/2022,2089055,26,28,4.42,13
1261,Sneha,Kumar,Engineering,Senior Manager,4/4/2016,1911735,43,9,3.12,9
1262,Amit,Kumar,HR,Software Engineer,12/17/2016,1542522,36,21,2.02,9
1263,Pooja,Patel,Finance,Executive,7/4/2024,1167392,34,19,3.7,1
1264,Amit,Verma,Operations,Senior Manager,10/2/2016,1266325,49,0,3.17,2
1265,Amit,Kumar,Marketing,Manager,9/3/2020,1597776,54,12,1.93,8
1266,Sneha,Gupta,Finance,Associate,10/15/2020,1025527,44,0,3.29,5
1267,Arjun,Patel,Sales,Senior Manager,11/23/2019,2341215,54,4,4.29,7
1268,Sneha,Kumar,HR,Associate,6/11/2021,1803174,39,15,1.11,1
1269,Nikhil,Verma,HR,Senior Manager,4/18/2017,2107317,51,14,3.52,12
1270,Rajesh,Sharma,Operations,Manager,7/10/2020,1783702,47,16,2.4,10
1271,Divya,Sharma,Sales,Software Engineer,9/20/2018,1553179,37,27,2.17,12
1272,Arjun,Desai,Operations,Manager,8/12/2021,2029122,34,22,2.57,5
1273,Priya,Nair,Sales,Software Engineer,5/30/2016,1034172,54,15,2.37,11
1274,Divya,Rao,Marketing,Software Engineer,9/14/2020,409779,47,12,4.33,12
1275,Rajesh,Sharma,HR,Associate,11/7/2016,1367133,22,10,2.1,3
1276,Rohan,Reddy,HR,Executive,10/14/2017,752082,59,16,3.93,10
1277,Kavya,Kumar,Marketing,Manager,3/9/2017,634248,23,16,1.38,12
1278,Nikhil,Reddy,Engineering,Senior Manager,10/29/2016,1826369,27,1,4.81,12
1279,Nikhil,Verma,Operations,Manager,4/2/2023,961440,59,12,3.49,14
1280,Priya,Sharma,Marketing,Associate,11/8/2017,1493502,45,13,3.83,2
1281,Arjun,Rao,Operations,Software Engineer,4/7/2024,2257021,39,10,2.19,2
1282,Pooja,Verma,Finance,Associate,9/10/2024,1221872,48,27,2.65,9
1283,Amit,Gupta,HR,Data Analyst,9/16/2020,1054981,29,9,1.9,13
1284,Arjun,Gupta,Operations,Data Analyst,6/5/2016,681325,49,2,4.73,4
1285,Kavya,Reddy,Sales,Senior Manager,9/29/2018,1113526,31,28,2.95,4
1286,Pooja,Nair,Operations,Associate,12/21/2022,1263544,38,26,3.52,7
1287,Nikhil,Patel,Finance,Senior Manager,9/2/2018,2136309,50,16,3.94,10
1288,Sneha,Nair,HR,Senior Manager,11/14/2015,983970,27,14,2.48,10
1289,Kavya,Desai,Marketing,Data Analyst,7/25/2020,905751,35,8,3.88,13
1290,Rajesh,Nair,Finance,Senior Manager,6/12/2023,2038614,43,9,3.7,2
1291,Priya,Desai,HR,Data Analyst,12/15/2022,773656,27,7,3.82,3
1292,Rajesh,Desai,Operations,Software Engineer,10/1/2016,1258379,47,20,2.96,3
1293,Kavya,Rao,Engineering,Associate,9/21/2021,1374657,33,12,2.53,6
1294,Vikram,Sharma,Engineering,Senior Manager,3/15/2017,1372930,56,26,1.89,3
1295,Vikram,Rao,Sales,Data Analyst,3/7/2017,917585,35,17,4.3,11
1296,Rohan,Desai,HR,Manager,9/26/2023,1994548,43,4,3.43,5
1297,Arjun,Verma,Engineering,Senior Manager,6/30/2017,2432677,44,5,2.78,4
1298,Nikhil,Gupta,Marketing,Executive,8/18/2017,306464,28,29,4.78,3
1299,Nikhil,Desai,HR,Software Engineer,1/3/2015,1889426,46,16,1.19,8
1300,Amit,Rao,Marketing,Software Engineer,9/13/2023,1461140,34,10,4.4,14
1301,Amit,Verma,Marketing,Manager,12/2/2022,1718767,42,19,4.99,10
1302,Amit,Rao,Engineering,Data Analyst,4/8/2021,2135068,31,15,4.55,3
1303,Sneha,Nair,HR,Senior Manager,7/1/2022,2144277,30,8,4.24,6
1304,Divya,Kumar,Operations,Data Analyst,7/8/2016,1895929,36,1,2.5,13
1305,Ananya,Reddy,Finance,Software Engineer,7/31/2019,565039,23,4,1.93,7
1306,Divya,Patel,Engineering,Data Analyst,7/5/2018,1691579,46,0,3.94,7
1307,Rajesh,Rao,Engineering,Software Engineer,12/9/2015,2376259,34,3,2.22,2
1308,Divya,Patel,Operations,Data Analyst,11/10/2019,1267241,55,3,1.7,14
1309,Sneha,Singh,HR,Manager,3/14/2024,396426,55,21,4.15,3
1310,Rohan,Rao,HR,Associate,5/27/2015,1540952,56,25,2.25,12
1311,Rajesh,Kumar,Marketing,Manager,11/29/2017,1360538,59,24,4.66,10
1312,Divya,Patel,Operations,Manager,1/27/2017,2430454,24,2,4.36,10
1313,Sneha,Desai,Operations,Associate,5/19/2017,1696102,27,8,4.39,4
1314,Ananya,Rao,HR,Associate,1/29/2024,304011,40,21,4.09,7
1315,Divya,Sharma,Marketing,Senior Manager,9/5/2019,2264724,24,22,4.52,2
1316,Sneha,Reddy,Engineering,Senior Manager,8/29/2019,319782,39,11,4.22,3
1317,Amit,Kumar,Sales,Manager,8/8/2022,2388097,30,9,3.41,7
1318,Nikhil,Patel,Finance,Manager,7/17/2016,732941,33,1,2.18,7
1319,Amit,Kumar,Engineering,Software Engineer,11/14/2019,1882060,26,10,4.55,10
1320,Nikhil,Verma,HR,Software Engineer,4/19/2019,903151,24,9,4.36,3
1321,Priya,Reddy,Finance,Senior Manager,12/18/2020,2123327,32,29,2.89,12
1322,Priya,Desai,Sales,Executive,12/27/2024,2084292,51,21,1.16,1
1323,Priya,Rao,Sales,Executive,9/9/2022,2140277,25,5,3.55,12
1324,Ananya,Rao,Marketing,Senior Manager,12/23/2018,1208063,26,17,1.2,3
1325,Amit,Rao,Finance,Software Engineer,4/9/2023,606024,22,1,4.71,5
1326,Nikhil,Reddy,Marketing,Software Engineer,9/15/2016,414003,48,29,4.85,7
1327,Sneha,Sharma,Engineering,Executive,4/22/2015,1487968,49,1,1.76,4
1328,Rajesh,Singh,Operations,Data Analyst,1/16/2017,2446741,50,9,3.71,13
1329,Sneha,Gupta,Operations,Data Analyst,5/27/2018,550606,39,15,1.37,13
1330,Rajesh,Nair,Operations,Software Engineer,2/7/2020,1031636,33,11,3.92,11
1331,Vikram,Patel,Finance,Data Analyst,2/23/2021,860185,34,0,2.39,11
1332,Sneha,Sharma,Operations,Associate,2/6/2024,986290,23,20,3.72,1
1333,Divya,Desai,Engineering,Senior Manager,2/4/2020,2061169,58,7,2.49,6
1334,Divya,Patel,Marketing,Senior Manager,1/4/2020,2149388,37,15,1.58,2
1335,Arjun,Rao,Finance,Software Engineer,7/3/2015,2080832,45,17,2.62,12
1336,Amit,Kumar,Marketing,Manager,5/8/2015,1057582,56,12,1.45,3
1337,Rajesh,Desai,Finance,Executive,7/4/2020,2480139,43,14,3.31,4
1338,Rajesh,Patel,Marketing,Software Engineer,5/19/2019,1732672,57,20,1.16,6
1339,Kavya,Rao,Sales,Data Analyst,5/22/2023,864174,32,11,3.11,6
1340,Rohan,Patel,Marketing,Executive,8/9/2016,1922563,50,7,4.55,7
1341,Amit,Kumar,Operations,Manager,4/2/2015,1949260,56,9,4.35,5
1342,Ananya,Rao,Sales,Data Analyst,6/27/2019,1963542,36,13,4.53,7
1343,Arjun,Singh,Marketing,Associate,5/16/2017,510809,52,4,4.69,2
1344,Ananya,Sharma,Finance,Data Analyst,7/1/2015,1520192,37,17,1.42,1
1345,Ananya,Verma,Finance,Associate,3/29/2022,1713967,31,18,1.51,12
1346,Ananya,Nair,Finance,Executive,2/12/2016,833285,53,14,3.23,10
1347,Amit,Reddy,HR,Associate,1/29/2021,1172143,23,5,4.58,8
1348,Ananya,Nair,Engineering,Executive,10/22/2017,1982978,45,26,4.9,1
1349,Divya,Desai,Finance,Executive,9/25/2016,2235772,44,10,1.19,12
1350,Rohan,Nair,Sales,Executive,10/18/2018,674368,23,20,2.42,2
1351,Rohan,Rao,Finance,Executive,1/4/2023,2161663,59,10,1.85,11
1352,Priya,Singh,HR,Executive,12/2/2018,1469694,52,19,4.02,12
1353,Vikram,Verma,Operations,Data Analyst,7/3/2022,1351690,47,19,3.56,10
1354,Rajesh,Sharma,Sales,Executive,4/3/2016,349768,50,20,1.48,6
1355,Kavya,Sharma,HR,Data Analyst,9/21/2022,1761820,24,17,2.93,1
1356,Rajesh,Kumar,Operations,Executive,5/14/2017,1273069,35,24,3.74,10
1357,Vikram,Reddy,Sales,Associate,10/8/2021,2480275,46,17,4.12,3
1358,Kavya,Patel,Marketing,Executive,8/27/2020,2400326,22,9,1.08,7
1359,Amit,Singh,Engineering,Manager,4/14/2024,417769,24,1,4.56,12
1360,Sneha,Patel,Engineering,Executive,11/14/2018,597542,47,25,3.28,8
1361,Amit,Verma,HR,Executive,8/30/2015,1734269,39,29,4.25,4
1362,Rajesh,Nair,Operations,Associate,3/11/2015,1066868,30,8,4.23,12
1363,Rajesh,Sharma,Engineering,Senior Manager,4/7/2023,1535069,59,13,1.76,3
1364,Kavya,Verma,Operations,Associate,3/30/2020,2158768,44,18,1.44,1
1365,Kavya,Nair,Operations,Manager,9/30/2022,1228864,42,9,3.89,12
1366,Vikram,Sharma,HR,Senior Manager,5/5/2017,2014249,22,22,1.63,9
1367,Ananya,Nair,HR,Software Engineer,6/13/2018,1067166,42,3,4.4,10
1368,Amit,Reddy,HR,Software Engineer,4/20/2015,699017,48,28,3.9,6
1369,Kavya,Singh,Engineering,Manager,8/10/2024,1231775,27,28,4.37,6
1370,Nikhil,Desai,HR,Associate,9/3/2021,1757867,57,5,2.2,9
1371,Vikram,Verma,Engineering,Data Analyst,4/29/2024,1844247,49,13,2.27,1
1372,Divya,Verma,HR,Manager,8/27/2017,1147374,38,3,3.68,6
1373,Rajesh,Gupta,Finance,Senior Manager,2/9/2021,1548749,24,25,1.13,12
1374,Vikram,Rao,Operations,Senior Manager,10/12/2021,976337,33,14,3.91,5
1375,Amit,Reddy,HR,Executive,3/5/2018,2323553,33,15,4.34,13
1376,Kavya,Reddy,Sales,Software Engineer,6/23/2023,1566302,23,6,2.66,11
1377,Rajesh,Patel,Operations,Senior Manager,6/19/2024,2396419,43,16,4.06,6
1378,Sneha,Nair,Operations,Manager,11/4/2023,392172,44,18,1.7,14
1379,Vikram,Rao,HR,Senior Manager,5/21/2022,970990,51,28,2.29,11
1380,Arjun,Singh,Marketing,Manager,10/9/2017,844344,26,18,4.9,8
1381,Rajesh,Singh,HR,Data Analyst,10/24/2017,1487030,30,16,4.95,5
1382,Amit,Reddy,Operations,Executive,8/17/2024,1404315,42,5,3.05,2
1383,Priya,Singh,Sales,Software Engineer,2/7/2015,348639,32,28,4.74,12
1384,Nikhil,Gupta,Operations,Senior Manager,2/26/2022,896682,26,10,3.09,12
1385,Pooja,Verma,Sales,Manager,1/21/2022,629801,56,15,2.17,2
1386,Ananya,Kumar,Engineering,Associate,3/22/2021,2180164,48,29,2.07,10
1387,Pooja,Desai,Finance,Software Engineer,11/22/2024,482447,23,24,4.72,5
1388,Amit,Patel,Operations,Data Analyst,2/12/2018,974932,45,7,1.69,3
1389,Divya,Nair,HR,Manager,5/25/2018,680069,52,10,3.32,10
1390,Divya,Desai,Engineering,Executive,10/16/2015,304136,54,6,3.22,3
1391,Priya,Nair,Finance,Executive,6/5/2019,2459020,51,25,3.96,8
1392,Ananya,Sharma,HR,Data Analyst,8/10/2017,410957,58,23,3,7
1393,Arjun,Desai,Marketing,Data Analyst,6/7/2018,839767,49,21,2.09,1
1394,Priya,Kumar,HR,Executive,5/5/2023,419392,52,24,1.68,12
1395,Rohan,Reddy,Sales,Senior Manager,5/7/2024,960183,32,18,3.48,13
1396,Pooja,Gupta,Sales,Senior Manager,11/8/2016,1550104,44,25,3.88,12
1397,Priya,Verma,Marketing,Manager,9/21/2018,1106017,23,9,3.28,5
1398,Pooja,Verma,Engineering,Associate,4/12/2024,2283352,48,8,3.95,9
1399,Rajesh,Gupta,Finance,Manager,8/14/2015,2161627,56,3,1.57,4
1400,Divya,Rao,HR,Associate,12/4/2015,1161501,23,22,4.53,1
1401,Rajesh,Sharma,Sales,Data Analyst,8/17/2016,565864,58,14,3.33,8
1402,Nikhil,Nair,Engineering,Software Engineer,12/12/2020,581411,42,12,1.51,5
1403,Rohan,Kumar,Marketing,Manager,7/3/2016,1495344,26,24,2.85,2
1404,Ananya,Singh,Operations,Manager,9/3/2024,985328,42,1,4.38,12
1405,Arjun,Desai,Sales,Associate,6/19/2019,716561,50,1,4.59,1
1406,Pooja,Sharma,Marketing,Data Analyst,1/5/2020,351567,41,15,2.06,14
1407,Arjun,Desai,HR,Data Analyst,6/19/2017,2488381,59,8,3.85,12
1408,Pooja,Kumar,Finance,Associate,9/16/2019,1825450,41,27,1.4,12
1409,Amit,Patel,Sales,Data Analyst,8/12/2021,2069361,46,12,1.13,12
1410,Priya,Patel,Sales,Executive,7/4/2022,907132,23,2,3.24,3
1411,Nikhil,Sharma,HR,Senior Manager,7/14/2022,1512567,53,8,3.78,9
1412,Divya,Reddy,Operations,Executive,10/10/2020,1930060,47,12,4.18,1
1413,Kavya,Kumar,Engineering,Software Engineer,1/14/2024,924913,27,20,2.36,4
1414,Pooja,Kumar,Finance,Manager,3/3/2023,1821193,24,21,1.03,8
1415,Arjun,Gupta,Sales,Software Engineer,7/26/2022,1217999,54,1,2.92,8
1416,Nikhil,Reddy,Finance,Manager,7/22/2015,2333764,22,7,1.06,10
1417,Sneha,Nair,Sales,Senior Manager,1/26/2015,694768,26,26,1.37,12
1418,Sneha,Nair,Finance,Data Analyst,2/14/2017,351272,34,8,2.31,11
1419,Rajesh,Singh,Marketing,Executive,8/18/2021,549264,40,15,2.75,13
1420,Divya,Verma,Sales,Associate,2/9/2019,536538,33,1,2.12,11
1421,Kavya,Patel,Finance,Executive,1/8/2019,815447,46,5,3.33,8
1422,Amit,Nair,Engineering,Senior Manager,11/3/2023,453706,56,21,1.22,10
1423,Arjun,Reddy,Marketing,Software Engineer,12/13/2023,1273902,33,7,1.58,8
1424,Kavya,Kumar,Marketing,Associate,2/1/2024,1053818,51,25,3.78,4
1425,Priya,Nair,Engineering,Data Analyst,2/19/2018,1127150,26,27,1.57,8
1426,Priya,Kumar,Finance,Senior Manager,11/27/2021,2086852,55,4,3.56,9
1427,Arjun,Nair,HR,Associate,9/18/2017,1138489,43,8,1.22,7
1428,Ananya,Patel,Engineering,Senior Manager,11/26/2016,1428371,34,0,2.63,14
1429,Amit,Desai,Finance,Senior Manager,11/4/2016,642553,24,8,1.71,12
1430,Nikhil,Nair,Engineering,Data Analyst,6/2/2018,342137,41,9,1.44,2
1431,Pooja,Reddy,Engineering,Manager,4/19/2019,1741945,52,22,3.27,9
1432,Ananya,Nair,Sales,Associate,4/21/2023,438925,26,3,4.71,11
1433,Pooja,Verma,Finance,Data Analyst,3/13/2016,1233296,45,2,1.22,8
1434,Pooja,Patel,HR,Senior Manager,5/6/2022,1518015,54,29,2.69,13
1435,Ananya,Reddy,Sales,Data Analyst,4/23/2020,675233,29,9,3.83,5
1436,Rajesh,Gupta,Engineering,Manager,11/17/2017,1280960,45,14,2.85,12
1437,Sneha,Reddy,Operations,Executive,12/4/2019,1883913,41,10,4.23,3
1438,Pooja,Verma,Engineering,Associate,12/30/2017,2034635,37,13,1.72,7
1439,Ananya,Desai,Engineering,Manager,12/15/2020,2257792,33,5,4.84,14
1440,Ananya,Patel,Finance,Software Engineer,5/3/2019,1134123,34,11,2.54,14
1441,Rohan,Gupta,Finance,Associate,8/23/2016,1516688,46,12,2.37,2
1442,Kavya,Verma,Sales,Manager,3/1/2016,524062,53,16,4.5,13
1443,Vikram,Verma,HR,Senior Manager,6/18/2020,2455138,45,15,3.26,3
1444,Rajesh,Sharma,Sales,Associate,1/7/2024,731978,30,2,3.07,12
1445,Divya,Patel,Marketing,Associate,6/9/2018,2027536,44,1,3.91,9
1446,Vikram,Reddy,Engineering,Data Analyst,4/29/2022,2089639,34,10,3.32,4
1447,Kavya,Kumar,Operations,Senior Manager,8/1/2021,1453891,53,28,1.65,4
1448,Kavya,Desai,Engineering,Software Engineer,4/23/2024,1002214,36,8,3.7,3
1449,Kavya,Kumar,Engineering,Executive,3/16/2023,1816589,57,2,1.53,5
1450,Vikram,Reddy,Sales,Manager,8/30/2020,2088205,26,28,4.22,3
1451,Arjun,Reddy,Operations,Data Analyst,7/26/2021,2060143,43,17,4.96,9
1452,Sneha,Patel,Operations,Manager,12/24/2023,525687,37,19,2.51,3
1453,Ananya,Reddy,Operations,Software Engineer,12/29/2018,1644700,31,14,2.78,2
1454,Sneha,Sharma,Sales,Software Engineer,4/7/2018,2371088,45,13,1.19,12
1455,Amit,Gupta,Engineering,Associate,2/9/2015,2413048,39,1,1.05,5
1456,Arjun,Reddy,Sales,Software Engineer,4/5/2023,2486505,39,16,4.69,6
1457,Divya,Kumar,Finance,Manager,1/2/2023,329813,28,21,1.51,1
1458,Sneha,Reddy,Finance,Senior Manager,1/17/2016,966041,25,25,2.78,14
1459,Priya,Sharma,Sales,Senior Manager,10/6/2020,2076839,47,7,4.26,12
1460,Kavya,Nair,Operations,Associate,8/21/2019,1746374,26,9,4.56,11
1461,Pooja,Nair,Engineering,Executive,3/9/2016,573541,37,25,3.08,6
1462,Amit,Verma,Sales,Manager,10/19/2024,1786056,56,17,3.26,10
1463,Rajesh,Desai,Sales,Manager,2/22/2017,1915181,47,29,3.68,3
1464,Divya,Singh,Sales,Software Engineer,9/3/2015,1650816,39,24,4.85,4
1465,Amit,Gupta,Marketing,Manager,12/11/2020,2449496,50,28,3.41,6
1466,Kavya,Rao,Finance,Data Analyst,5/20/2022,1070348,44,18,3.24,8
1467,Pooja,Verma,Operations,Executive,4/29/2015,1206814,35,7,1.06,9
1468,Arjun,Desai,HR,Software Engineer,8/1/2021,2337171,36,27,1.32,6
1469,Pooja,Nair,Operations,Data Analyst,4/26/2020,758819,54,7,3.31,7
1470,Vikram,Kumar,HR,Associate,1/12/2016,1508060,46,2,4.74,14
1471,Pooja,Rao,Marketing,Senior Manager,9/21/2016,1459065,42,2,4.47,5
1472,Vikram,Desai,Sales,Associate,9/4/2020,744874,38,11,4.93,14
1473,Arjun,Desai,Marketing,Senior Manager,12/17/2017,1791341,44,21,3.11,12
1474,Nikhil,Verma,Marketing,Associate,5/17/2024,2408701,38,16,4.15,9
1475,Kavya,Rao,Engineering,Manager,3/8/2023,2422891,35,3,4.36,4
1476,Vikram,Patel,Finance,Data Analyst,10/30/2024,1107641,50,16,3.59,10
1477,Rajesh,Singh,HR,Senior Manager,8/5/2017,2354048,41,13,2.35,11
1478,Pooja,Patel,Sales,Software Engineer,9/9/2024,1363692,51,18,2.88,6
1479,Pooja,Rao,HR,Data Analyst,4/24/2019,844333,40,8,4.43,5
1480,Rajesh,Patel,Operations,Software Engineer,6/22/2018,1243831,34,29,2.19,1
1481,Priya,Sharma,HR,Data Analyst,7/3/2015,335709,39,29,4.69,5
1482,Ananya,Nair,Operations,Data Analyst,7/12/2015,2178625,44,20,1.92,13
1483,Nikhil,Sharma,Finance,Associate,11/30/2021,2030841,54,11,4,5
1484,Divya,Reddy,Operations,Senior Manager,7/30/2019,1281652,39,4,3.52,14
1485,Vikram,Patel,HR,Senior Manager,4/6/2017,529167,30,10,4,9
1486,Rajesh,Reddy,HR,Data Analyst,2/18/2021,605063,54,19,2.75,1
1487,Arjun,Kumar,Operations,Manager,7/11/2017,1169953,53,2,4.73,5
1488,Vikram,Gupta,Marketing,Manager,10/9/2020,1013806,38,20,3.53,7
1489,Ananya,Kumar,Finance,Software Engineer,8/4/2018,1265398,40,14,2.15,11
1490,Arjun,Rao,Engineering,Software Engineer,3/25/2023,1298653,48,13,3.55,6
1491,Amit,Desai,Sales,Associate,3/15/2023,1322509,27,10,2.15,6
1492,Kavya,Nair,HR,Data Analyst,10/9/2019,1050774,56,19,2.17,12
1493,Pooja,Patel,Sales,Software Engineer,7/4/2018,1224993,58,7,2.6,7
1494,Amit,Verma,Engineering,Software Engineer,8/16/2018,653791,55,3,4.41,6
1495,Vikram,Gupta,Sales,Executive,1/19/2023,1684525,41,26,3,5
1496,Ananya,Singh,Engineering,Data Analyst,4/12/2018,1679087,46,11,3.72,10
1497,Nikhil,Singh,Operations,Associate,2/2/2017,1163787,25,7,2.57,5
1498,Kavya,Singh,Marketing,Software Engineer,11/6/2015,416220,31,5,2.05,9
1499,Vikram,Patel,HR,Associate,8/31/2019,521421,31,14,4.82,14
1500,Rajesh,Singh,Engineering,Senior Manager,10/26/2019,649317,45,29,3.41,8
1501,Sneha,Sharma,Sales,Associate,5/28/2023,1088428,42,11,4.74,14
1502,Vikram,Gupta,HR,Manager,3/18/2017,1332469,32,15,1.81,12
1503,Kavya,Sharma,Marketing,Manager,10/22/2018,1631379,48,15,1.59,10
1504,Pooja,Desai,Operations,Associate,1/29/2023,1655898,37,26,4.42,14
1505,Pooja,Gupta,HR,Manager,3/26/2023,647186,47,20,3.72,4
1506,Vikram,Sharma,Engineering,Senior Manager,11/4/2018,1717191,51,19,1.75,4
1507,Arjun,Gupta,Marketing,Data Analyst,8/3/2019,537103,37,19,2.08,10
1508,Sneha,Desai,Sales,Manager,1/11/2018,989925,28,27,4.2,5
1509,Rajesh,Reddy,Marketing,Manager,4/26/2024,2486394,37,3,2.82,13
1510,Vikram,Patel,Marketing,Associate,3/9/2016,1347146,56,10,3.68,13
1511,Arjun,Patel,Finance,Senior Manager,5/1/2024,1502532,37,12,2.27,3
1512,Pooja,Singh,Marketing,Data Analyst,11/1/2021,2152207,33,28,2.52,8
1513,Pooja,Kumar,Marketing,Associate,4/24/2020,1060330,56,8,4.96,7
1514,Ananya,Singh,HR,Associate,4/30/2015,2278745,42,3,1.99,5
1515,Vikram,Rao,Sales,Executive,10/2/2019,1122564,57,11,3.03,10
1516,Sneha,Sharma,HR,Senior Manager,1/28/2019,1150012,38,8,4.38,3
1517,Priya,Gupta,HR,Data Analyst,8/11/2016,1764261,53,12,1.96,5
1518,Sneha,Kumar,Engineering,Senior Manager,7/23/2021,2443385,27,15,2.66,3
1519,Pooja,Desai,HR,Data Analyst,9/14/2024,2368884,45,25,3.46,10
1520,Pooja,Rao,Finance,Senior Manager,8/13/2020,1048810,48,5,2.92,5
1521,Amit,Desai,Finance,Associate,2/21/2022,1303941,41,9,2.84,1
1522,Pooja,Patel,Engineering,Associate,9/7/2015,2285404,46,12,2.45,6
1523,Rajesh,Patel,Operations,Software Engineer,3/5/2019,2159062,23,6,3.35,10
1524,Divya,Singh,Sales,Manager,2/29/2016,2426861,30,27,3.5,4
1525,Vikram,Sharma,Sales,Executive,2/14/2021,2351723,49,25,3.61,4
1526,Sneha,Kumar,HR,Senior Manager,5/18/2024,2394885,59,18,1.28,8
1527,Divya,Nair,HR,Executive,8/12/2021,1348939,24,23,3.52,2
1528,Arjun,Rao,Operations,Software Engineer,10/8/2015,794829,41,18,4.81,4
1529,Priya,Rao,HR,Manager,7/18/2018,696456,27,16,3.16,2
1530,Rajesh,Singh,Sales,Senior Manager,7/2/2020,1813993,54,12,3.86,1
1531,Kavya,Patel,Marketing,Data Analyst,1/11/2019,2442841,22,12,3.23,10
1532,Rohan,Singh,Finance,Manager,5/1/2023,1198704,58,25,4.42,13
1533,Sneha,Gupta,Marketing,Associate,2/21/2023,475037,27,27,4.72,13
1534,Divya,Kumar,Marketing,Software Engineer,2/11/2021,508606,55,20,1.74,3
1535,Kavya,Sharma,Sales,Manager,9/25/2018,1349458,36,1,2.75,12
1536,Priya,Reddy,Marketing,Manager,7/20/2017,1329516,47,9,2.57,8
1537,Amit,Verma,Operations,Associate,1/22/2016,1996609,35,29,2.62,6
1538,Kavya,Verma,Engineering,Senior Manager,7/19/2018,328885,28,21,1.5,12
1539,Rajesh,Singh,HR,Data Analyst,2/17/2019,696419,52,12,4.25,7
1540,Rajesh,Gupta,Engineering,Associate,10/2/2021,695460,45,25,1.14,2
1541,Amit,Kumar,Finance,Data Analyst,7/30/2021,660466,52,8,3.11,6
1542,Rohan,Nair,HR,Senior Manager,9/13/2015,1679339,50,0,3.65,14
1543,Vikram,Verma,Marketing,Manager,12/13/2018,2418736,53,13,1.83,8
1544,Kavya,Kumar,Finance,Data Analyst,10/25/2016,2143529,38,28,4.62,8
1545,Amit,Sharma,HR,Software Engineer,7/26/2016,1119973,35,15,4.35,4
1546,Rajesh,Desai,Operations,Software Engineer,4/8/2023,1418844,57,19,2.88,6
1547,Rajesh,Gupta,Operations,Associate,6/2/2015,1728926,45,14,2.64,14
1548,Divya,Patel,Operations,Senior Manager,3/11/2019,1806744,48,0,1.95,5
1549,Pooja,Kumar,Operations,Associate,9/5/2016,1744359,46,16,3.92,9
1550,Rohan,Sharma,Marketing,Associate,10/15/2023,1757913,53,23,1.53,8
1551,Kavya,Nair,Engineering,Executive,7/26/2020,2267754,39,29,3.72,2
1552,Kavya,Reddy,HR,Associate,4/24/2017,2332355,39,29,4.37,12
1553,Priya,Patel,Marketing,Executive,1/8/2020,1546729,58,12,1.91,13
1554,Amit,Reddy,Operations,Software Engineer,4/23/2022,2391219,47,29,4.47,7
1555,Priya,Nair,Engineering,Software Engineer,7/29/2024,1288167,30,26,1.13,7
1556,Amit,Sharma,Finance,Associate,3/15/2017,323331,56,14,4.65,11
1557,Arjun,Verma,Finance,Software Engineer,11/9/2023,323004,29,15,1.47,14
1558,Rajesh,Reddy,Finance,Senior Manager,5/3/2024,748013,41,15,3.58,14
1559,Pooja,Patel,Operations,Executive,2/27/2024,1231253,43,1,2,12
1560,Divya,Singh,Finance,Executive,5/8/2021,1961908,40,16,4.35,1
1561,Pooja,Rao,Sales,Associate,4/17/2021,2144053,51,10,3.05,1
1562,Pooja,Kumar,HR,Software Engineer,1/11/2019,842955,49,7,1.54,12
1563,Pooja,Verma,HR,Data Analyst,7/9/2022,1685777,56,19,3.28,4
1564,Priya,Reddy,Operations,Executive,4/23/2020,1947069,32,2,2.63,5
1565,Amit,Desai,Sales,Associate,10/8/2021,1375878,52,28,3.65,4
1566,Nikhil,Kumar,Marketing,Associate,4/13/2019,896822,57,11,4.53,7
1567,Arjun,Singh,Marketing,Senior Manager,4/23/2022,2098278,51,19,2.64,3
1568,Sneha,Nair,Finance,Manager,3/29/2023,673145,44,15,2.16,7
1569,Pooja,Rao,Engineering,Manager,6/18/2016,2353413,40,13,1.06,13
1570,Vikram,Sharma,Marketing,Executive,4/29/2023,1094300,33,15,3.3,8
1571,Priya,Singh,Engineering,Senior Manager,5/26/2020,985611,36,26,2.61,6
1572,Rohan,Singh,HR,Senior Manager,6/11/2023,1957387,52,20,2.5,6
1573,Divya,Nair,Engineering,Senior Manager,4/24/2019,1520985,58,16,1.73,8
1574,Sneha,Gupta,HR,Executive,10/15/2018,645744,58,29,2.72,8
1575,Nikhil,Nair,Sales,Manager,2/22/2024,2328594,36,10,4.94,7
1576,Vikram,Gupta,Sales,Senior Manager,7/5/2017,2143441,50,16,2.19,6
1577,Nikhil,Gupta,Operations,Software Engineer,6/9/2023,1976850,47,18,3.4,6
1578,Sneha,Verma,Operations,Associate,11/2/2019,2198761,23,21,4.11,10
1579,Pooja,Verma,Finance,Associate,2/20/2020,1815412,41,0,4,11
1580,Vikram,Patel,Marketing,Data Analyst,1/30/2018,2156759,36,29,2.32,13
1581,Nikhil,Reddy,Finance,Data Analyst,9/22/2020,732184,25,26,3.44,13
1582,Divya,Reddy,HR,Executive,4/2/2018,1509725,43,11,4.49,6
1583,Amit,Sharma,Finance,Executive,5/24/2015,727991,59,14,1.06,8
1584,Rajesh,Reddy,Engineering,Associate,9/19/2017,2183578,44,17,2.74,1
1585,Amit,Verma,HR,Software Engineer,1/24/2015,958139,47,27,1.9,5
1586,Sneha,Patel,Operations,Manager,10/10/2024,2320937,32,29,2.55,3
1587,Priya,Patel,Sales,Manager,8/25/2024,422989,49,22,2.66,12
1588,Rajesh,Gupta,Operations,Executive,12/13/2018,1126547,23,13,3.99,8
1589,Arjun,Nair,Marketing,Software Engineer,4/12/2022,576393,29,29,1.38,11
1590,Divya,Sharma,HR,Executive,6/16/2018,2117119,50,0,3.05,6
1591,Arjun,Gupta,HR,Manager,9/15/2021,2159608,32,12,3.26,14
1592,Vikram,Nair,Engineering,Executive,1/18/2023,599850,58,29,2.98,2
1593,Kavya,Reddy,Marketing,Senior Manager,6/17/2024,1709761,39,14,3.93,13
1594,Rajesh,Gupta,Sales,Executive,12/31/2018,341139,35,6,2.54,7
1595,Arjun,Kumar,HR,Associate,10/30/2022,939207,31,14,4.78,7
1596,Arjun,Reddy,HR,Executive,8/28/2017,1071965,56,19,2.93,13
1597,Nikhil,Nair,Engineering,Associate,11/23/2024,603446,30,9,3.28,5
1598,Amit,Sharma,Finance,Software Engineer,4/5/2015,1698558,56,13,4.3,8
1599,Nikhil,Nair,Sales,Manager,1/11/2021,1285663,32,5,2.1,14
1600,Rajesh,Gupta,Operations,Data Analyst,8/4/2021,2017479,33,13,1.3,5
1601,Rajesh,Gupta,Marketing,Data Analyst,11/16/2021,2098432,24,23,3.83,1
1602,Sneha,Singh,HR,Manager,3/15/2016,1345716,35,24,2.93,9
1603,Nikhil,Sharma,HR,Data Analyst,5/18/2024,2455091,49,21,4.59,4
1604,Ananya,Desai,Operations,Executive,10/23/2016,2221458,32,11,4.93,13
1605,Rohan,Reddy,Sales,Software Engineer,3/23/2021,2295633,46,10,2.6,2
1606,Amit,Patel,Finance,Software Engineer,3/23/2017,2420700,42,28,2.66,4
1607,Rajesh,Sharma,HR,Manager,1/26/2018,2303345,31,29,2.63,14
1608,Sneha,Patel,Sales,Data Analyst,6/17/2020,1998413,36,24,2.3,13
1609,Kavya,Sharma,Operations,Executive,3/3/2019,744503,40,19,4.13,9
1610,Nikhil,Sharma,Engineering,Software Engineer,8/7/2016,437799,43,21,4.04,2
1611,Amit,Nair,Finance,Software Engineer,9/15/2016,1065820,42,23,2.91,4
1612,Kavya,Sharma,Marketing,Senior Manager,3/7/2019,481789,53,24,1.18,2
1613,Nikhil,Singh,HR,Senior Manager,7/27/2022,734352,44,18,2.24,5
1614,Arjun,Desai,Sales,Software Engineer,12/22/2023,2249834,34,1,2.17,3
1615,Kavya,Gupta,Engineering,Manager,11/4/2015,1987745,26,21,4.24,10
1616,Sneha,Rao,Marketing,Associate,12/5/2018,1794201,25,19,1.35,2
1617,Amit,Patel,Sales,Associate,1/1/2016,1102009,49,0,4.22,14
1618,Pooja,Gupta,Sales,Executive,3/2/2015,411776,35,7,3.68,9
1619,Vikram,Rao,Marketing,Software Engineer,8/12/2021,1185678,29,24,3.93,5
1620,Vikram,Desai,Engineering,Software Engineer,1/7/2021,2106860,30,13,2.73,10
1621,Amit,Desai,Operations,Software Engineer,8/18/2016,512803,56,8,3.72,5
1622,Kavya,Patel,Engineering,Manager,5/3/2017,321341,58,1,3.44,1
1623,Nikhil,Patel,Finance,Senior Manager,3/28/2015,1554329,42,24,4.08,6
1624,Sneha,Desai,HR,Software Engineer,5/6/2023,1119745,39,22,2.79,13
1625,Rohan,Rao,Marketing,Software Engineer,9/27/2024,378840,54,4,2.89,7
1626,Vikram,Sharma,Operations,Data Analyst,5/9/2016,1514343,29,22,3.57,1
1627,Sneha,Reddy,Marketing,Manager,4/24/2017,461297,38,28,1.43,9
1628,Vikram,Kumar,Marketing,Executive,9/5/2023,2231375,52,24,2.74,8
1629,Arjun,Gupta,Engineering,Software Engineer,4/4/2024,349156,55,7,4.89,12
1630,Nikhil,Nair,HR,Data Analyst,3/12/2019,2484605,27,15,1.15,14
1631,Arjun,Gupta,Finance,Associate,7/4/2015,2031765,43,21,2.26,14
1632,Vikram,Nair,Sales,Executive,5/24/2015,325938,35,15,2.26,8
1633,Pooja,Rao,Sales,Software Engineer,9/25/2020,2456316,24,12,3.53,7
1634,Pooja,Nair,Marketing,Software Engineer,12/5/2018,2387001,33,19,1.42,5
1635,Arjun,Patel,HR,Data Analyst,4/15/2015,702681,57,28,3.51,3
1636,Pooja,Reddy,Operations,Manager,10/29/2020,2031530,33,14,1.38,12
1637,Vikram,Reddy,Engineering,Software Engineer,2/11/2015,1464395,23,0,1.38,14
1638,Amit,Patel,HR,Associate,11/13/2022,441900,23,21,3.91,9
1639,Arjun,Singh,HR,Software Engineer,1/23/2018,1658308,36,2,2.3,14
1640,Rohan,Rao,Engineering,Associate,5/27/2015,2435012,44,5,4.91,7
1641,Rohan,Singh,Marketing,Executive,11/17/2020,1871801,50,21,1.15,11
1642,Priya,Singh,HR,Executive,12/22/2018,2318391,38,13,2.78,10
1643,Kavya,Gupta,Sales,Senior Manager,9/24/2024,968875,53,3,1.45,10
1644,Nikhil,Desai,Engineering,Senior Manager,6/9/2020,895983,28,17,2.41,8
1645,Pooja,Gupta,Operations,Associate,10/1/2017,553078,51,14,4.99,14
1646,Pooja,Desai,Finance,Manager,2/2/2022,668893,49,8,4.56,6
1647,Kavya,Kumar,Marketing,Software Engineer,9/17/2017,1504552,35,17,1.19,12
1648,Rajesh,Nair,Engineering,Software Engineer,1/14/2024,1015295,51,2,3.25,14
1649,Ananya,Desai,Finance,Senior Manager,9/29/2018,2178798,38,9,3.59,11
1650,Arjun,Patel,Finance,Associate,6/30/2020,1292652,53,16,1.84,14
1651,Divya,Gupta,Operations,Software Engineer,7/4/2015,1354212,27,6,1.58,5
1652,Pooja,Rao,HR,Software Engineer,4/5/2019,2380563,45,14,4.62,8
1653,Nikhil,Nair,Operations,Manager,4/27/2023,2268972,27,0,4.88,3
1654,Priya,Kumar,HR,Data Analyst,1/19/2023,583816,48,26,4.97,12
1655,Rohan,Desai,HR,Senior Manager,3/29/2017,2140820,39,24,4.16,13
1656,Pooja,Kumar,Engineering,Senior Manager,4/5/2017,821393,45,26,3.65,13
1657,Priya,Rao,Engineering,Data Analyst,3/3/2023,1349230,58,10,2.38,7
1658,Vikram,Singh,Marketing,Software Engineer,4/18/2024,425851,45,16,1.69,2
1659,Vikram,Reddy,HR,Manager,12/15/2015,966978,59,4,1.32,3
1660,Ananya,Rao,Finance,Manager,7/1/2019,1094878,55,6,3.77,13
1661,Amit,Verma,Sales,Senior Manager,5/16/2018,2353262,36,18,4.14,12
1662,Divya,Rao,Marketing,Manager,9/14/2023,2237135,32,24,4.31,2
1663,Rajesh,Kumar,Engineering,Executive,11/1/2015,526179,43,23,4.66,5
1664,Ananya,Patel,Operations,Data Analyst,2/9/2017,1174506,45,28,4.52,7
1665,Sneha,Gupta,Marketing,Software Engineer,7/9/2022,2372171,22,14,5,11
1666,Rajesh,Patel,Marketing,Executive,7/7/2015,2065401,39,2,1.98,10
1667,Arjun,Kumar,Marketing,Data Analyst,12/3/2019,1566084,33,14,4.05,11
1668,Nikhil,Gupta,Marketing,Associate,6/2/2019,1991286,49,4,3.35,11
1669,Sneha,Verma,Sales,Senior Manager,5/5/2018,650036,28,22,2.04,11
1670,Sneha,Reddy,Operations,Manager,12/11/2018,2436300,44,11,4.93,10
1671,Ananya,Nair,Operations,Associate,4/18/2020,2217936,42,29,4.59,13
1672,Kavya,Kumar,Operations,Manager,8/11/2016,1500346,55,19,1.51,14
1673,Amit,Desai,HR,Executive,9/18/2020,785287,32,4,1.1,1
1674,Kavya,Kumar,Finance,Software Engineer,1/18/2023,2319990,43,2,3.75,13
1675,Ananya,Kumar,Operations,Software Engineer,8/6/2022,2060399,56,8,3.42,10
1676,Arjun,Gupta,Marketing,Software Engineer,7/15/2016,595901,50,25,4.74,9
1677,Rohan,Sharma,Marketing,Manager,6/28/2016,2475164,49,8,1.94,1
1678,Pooja,Rao,Operations,Associate,9/5/2017,2241758,39,6,1.34,1
1679,Pooja,Sharma,Operations,Software Engineer,8/10/2018,2453268,35,25,2.04,14
1680,Amit,Verma,Marketing,Associate,1/30/2019,1380728,39,1,1.08,12
1681,Arjun,Desai,HR,Manager,10/16/2021,1575481,49,22,1.14,10
1682,Amit,Reddy,Engineering,Executive,7/26/2015,1369412,45,22,4.66,8
1683,Priya,Singh,Engineering,Associate,5/7/2015,521439,29,26,2.41,6
1684,Kavya,Verma,Operations,Executive,12/1/2018,2332623,29,20,2.64,6
1685,Pooja,Singh,Sales,Manager,12/19/2021,1535296,25,15,1.07,12
1686,Sneha,Singh,Operations,Manager,12/7/2016,2372072,48,8,2.08,9
1687,Kavya,Reddy,Operations,Senior Manager,5/30/2021,1490411,57,12,4.22,4
1688,Divya,Patel,Engineering,Manager,8/6/2017,917397,26,27,3.46,8
1689,Nikhil,Sharma,Marketing,Manager,11/9/2023,1491605,54,26,4.02,4
1690,Arjun,Kumar,Operations,Data Analyst,12/14/2023,697595,55,18,2.79,14
1691,Rajesh,Nair,Marketing,Software Engineer,12/21/2017,2294039,51,19,2.24,2
1692,Amit,Singh,Marketing,Senior Manager,4/19/2017,2031041,29,16,2.93,11
1693,Kavya,Desai,Sales,Senior Manager,2/10/2019,2052289,47,5,2.29,8
1694,Nikhil,Verma,Marketing,Senior Manager,5/27/2017,2218796,58,3,4.36,12
1695,Kavya,Patel,Engineering,Data Analyst,9/20/2021,826925,55,0,2.19,7
1696,Rajesh,Singh,HR,Executive,4/4/2023,1056547,28,17,3.64,4
1697,Nikhil,Patel,HR,Manager,9/22/2021,906752,49,18,1.55,9
1698,Divya,Patel,Finance,Software Engineer,3/28/2023,1639462,49,8,3.75,9
1699,Rajesh,Singh,Operations,Associate,12/20/2018,2223378,35,12,4.65,8
1700,Ananya,Gupta,Engineering,Executive,7/24/2016,1264266,59,7,3.43,14
1701,Vikram,Rao,Marketing,Manager,5/17/2022,929112,25,22,3.24,1
1702,Ananya,Desai,HR,Data Analyst,8/8/2018,1316462,39,12,4.84,7
1703,Pooja,Kumar,Engineering,Manager,9/16/2021,1437317,46,14,3.51,5
1704,Kavya,Kumar,HR,Manager,9/14/2017,1665764,28,10,2.04,7
1705,Vikram,Desai,Marketing,Data Analyst,10/24/2015,2466354,59,11,2.17,12
1706,Ananya,Gupta,HR,Senior Manager,12/1/2024,599189,49,13,3.82,9
1707,Vikram,Kumar,Operations,Senior Manager,7/24/2016,1859049,26,3,3.94,2
1708,Rohan,Patel,Operations,Software Engineer,11/16/2024,2242517,24,0,2.21,13
1709,Kavya,Reddy,Finance,Software Engineer,10/7/2024,1155953,52,23,2.38,14
1710,Vikram,Verma,Finance,Senior Manager,12/7/2022,804655,41,3,4.96,11
1711,Sneha,Sharma,HR,Executive,8/3/2021,536824,40,18,1.41,4
1712,Amit,Kumar,Engineering,Associate,10/9/2020,1367979,32,8,2.62,4
1713,Amit,Desai,Operations,Manager,8/28/2023,653699,24,9,1.25,2
1714,Sneha,Reddy,Engineering,Associate,11/22/2017,1988124,44,3,4.28,3
1715,Nikhil,Singh,Engineering,Manager,9/4/2019,2106242,28,19,1.37,11
1716,Priya,Rao,HR,Senior Manager,3/10/2021,393246,44,29,3.7,14
1717,Nikhil,Desai,Engineering,Software Engineer,2/9/2019,1444440,28,8,1.23,14
1718,Rajesh,Patel,Operations,Executive,4/10/2019,508886,55,12,3.69,13
1719,Rajesh,Rao,Marketing,Software Engineer,4/20/2018,1729608,40,11,4.37,8
1720,Vikram,Verma,Finance,Associate,8/21/2020,1514413,30,10,2.6,12
1721,Ananya,Verma,Marketing,Software Engineer,7/2/2023,1160931,39,11,3.09,9
1722,Ananya,Gupta,Engineering,Senior Manager,1/5/2017,1320332,46,29,2.61,6
1723,Amit,Nair,Marketing,Executive,5/3/2024,1832337,35,17,2.2,10
1724,Arjun,Gupta,Operations,Associate,11/20/2021,1083566,46,29,4.21,2
1725,Nikhil,Reddy,Operations,Executive,3/24/2023,2367791,40,11,2.09,2
1726,Rohan,Rao,Engineering,Manager,7/23/2020,835620,36,15,3.89,7
1727,Kavya,Nair,HR,Software Engineer,10/16/2022,1079105,37,4,1.82,8
1728,Pooja,Singh,Marketing,Executive,3/1/2015,1216992,48,19,2,8
1729,Divya,Patel,HR,Data Analyst,3/7/2023,520326,31,24,2.35,14
1730,Ananya,Rao,HR,Software Engineer,5/27/2015,1610425,25,11,3.36,6
1731,Kavya,Gupta,Sales,Manager,11/23/2023,619248,40,20,2.82,10
1732,Divya,Sharma,Engineering,Executive,11/29/2024,1746743,49,24,3.98,8
1733,Kavya,Nair,Finance,Associate,12/9/2017,1586050,42,10,1.85,14
1734,Vikram,Nair,Operations,Manager,2/6/2017,590477,35,8,1.04,1
1735,Divya,Patel,Operations,Data Analyst,8/25/2022,1200853,54,29,4.11,9
1736,Pooja,Kumar,Engineering,Executive,7/12/2017,1913734,31,17,4.29,13
1737,Kavya,Verma,Finance,Senior Manager,8/26/2023,553017,40,29,1.24,12
1738,Sneha,Verma,Operations,Software Engineer,1/11/2016,951824,51,24,3.44,1
1739,Pooja,Sharma,Engineering,Associate,4/4/2016,633245,43,2,2.51,13
1740,Divya,Reddy,Operations,Senior Manager,10/13/2024,1972341,24,19,4.18,3
1741,Pooja,Reddy,HR,Executive,9/25/2021,1736803,58,16,4.5,12
1742,Kavya,Singh,Marketing,Executive,6/19/2023,674842,39,13,4.4,9
1743,Priya,Rao,Marketing,Manager,3/29/2018,1742627,32,0,4.11,11
1744,Kavya,Desai,Operations,Executive,10/5/2021,1950224,23,16,2.08,5
1745,Kavya,Kumar,Sales,Associate,12/8/2020,1648055,33,24,4.25,9
1746,Vikram,Gupta,Finance,Senior Manager,1/10/2021,1155783,27,26,3.13,9
1747,Nikhil,Desai,Finance,Associate,10/27/2021,1201366,50,7,1.21,6
1748,Sneha,Desai,Finance,Data Analyst,10/1/2020,1652670,51,4,2.83,11
1749,Rohan,Nair,HR,Data Analyst,4/16/2019,884942,23,4,4.77,1
1750,Ananya,Sharma,Finance,Software Engineer,10/4/2017,669566,30,8,4.55,10
1751,Rajesh,Verma,Marketing,Software Engineer,9/6/2022,1720654,23,2,1.41,7
1752,Nikhil,Singh,HR,Data Analyst,4/5/2017,1023503,50,18,3.98,14
1753,Rajesh,Reddy,Engineering,Executive,12/2/2021,1975190,54,22,4.22,6
1754,Vikram,Sharma,Finance,Associate,5/1/2017,648848,31,8,2.09,9
1755,Sneha,Nair,Finance,Data Analyst,4/1/2021,2297179,55,21,2.89,7
1756,Kavya,Gupta,Engineering,Software Engineer,6/19/2022,1781177,29,29,3.84,14
1757,Amit,Singh,Finance,Data Analyst,3/9/2017,466991,58,17,2.76,12
1758,Ananya,Nair,Engineering,Executive,8/7/2015,396952,54,15,1.45,11
1759,Priya,Verma,HR,Data Analyst,4/23/2016,765806,27,0,3.82,12
1760,Amit,Verma,Marketing,Associate,1/20/2021,1176058,40,1,4.65,13
1761,Vikram,Verma,Engineering,Senior Manager,6/28/2023,2019759,53,13,3.61,4
1762,Nikhil,Sharma,Sales,Executive,6/14/2015,2443167,48,13,4.1,7
1763,Priya,Sharma,Engineering,Software Engineer,5/3/2022,402877,22,0,2.43,2
1764,Pooja,Reddy,Finance,Associate,5/30/2018,1626059,54,25,1.73,6
1765,Divya,Reddy,HR,Data Analyst,10/13/2019,693922,53,25,3.57,6
1766,Priya,Gupta,Operations,Data Analyst,4/13/2024,1224501,26,24,2.31,2
1767,Rohan,Singh,HR,Senior Manager,4/26/2018,1845329,38,15,4.44,14
1768,Vikram,Patel,Operations,Software Engineer,8/26/2019,691670,29,14,1.49,4
1769,Arjun,Patel,Engineering,Software Engineer,2/19/2015,731739,55,25,2.73,8
1770,Divya,Nair,Marketing,Manager,10/25/2015,1994512,30,14,2.59,8
1771,Rajesh,Verma,Sales,Software Engineer,8/1/2017,911796,44,11,4.75,13
1772,Ananya,Singh,HR,Senior Manager,4/12/2015,1039127,56,15,1.61,8
1773,Rajesh,Desai,Finance,Manager,4/23/2021,1650339,28,13,1.04,8
1774,Priya,Sharma,Operations,Manager,4/6/2019,340633,36,28,1.95,1
1775,Rajesh,Rao,Finance,Data Analyst,6/23/2020,1557302,41,23,4.28,2
1776,Rohan,Kumar,Marketing,Data Analyst,9/29/2016,1351893,46,14,1.84,12
1777,Vikram,Gupta,Operations,Software Engineer,12/16/2017,607124,24,22,1.96,4
1778,Pooja,Verma,HR,Manager,8/19/2021,2178166,45,14,1.52,12
1779,Nikhil,Verma,Engineering,Data Analyst,8/24/2024,1011323,55,18,3.86,9
1780,Ananya,Verma,Finance,Senior Manager,7/4/2015,1716084,43,7,1.28,3
1781,Rohan,Sharma,Marketing,Data Analyst,11/24/2023,2172204,32,1,2.32,14
1782,Rohan,Sharma,HR,Executive,10/6/2020,2200946,29,1,2.13,6
1783,Rajesh,Kumar,HR,Executive,8/20/2020,1226109,56,26,3.22,7
1784,Rajesh,Desai,HR,Data Analyst,1/1/2020,1560945,59,9,3.92,8
1785,Priya,Singh,HR,Manager,9/11/2015,1008669,29,2,3.13,13
1786,Nikhil,Verma,Operations,Manager,11/25/2015,2424195,58,22,4.72,7
1787,Amit,Patel,HR,Associate,1/2/2021,333635,48,16,4.81,3
1788,Rajesh,Reddy,Finance,Executive,5/29/2018,1306891,49,7,2.45,6
1789,Vikram,Patel,Marketing,Senior Manager,3/2/2024,1027467,55,27,4.11,5
1790,Arjun,Nair,Operations,Manager,1/24/2019,755796,53,22,3.96,13
1791,Ananya,Patel,HR,Software Engineer,6/6/2016,2323969,36,3,4.57,12
1792,Kavya,Nair,Sales,Executive,2/21/2022,1297057,38,13,2.79,10
1793,Rajesh,Rao,Sales,Senior Manager,12/6/2017,1387812,54,20,3.12,4
1794,Vikram,Reddy,Marketing,Senior Manager,4/1/2020,1614870,37,9,2.66,1
1795,Vikram,Patel,Engineering,Manager,12/22/2021,854280,50,28,4.4,14
1796,Ananya,Rao,Engineering,Senior Manager,12/30/2023,2245548,30,0,1.92,13
1797,Amit,Gupta,Operations,Manager,12/1/2022,475993,54,3,1.96,7
1798,Vikram,Singh,Operations,Data Analyst,10/4/2021,1994089,50,0,2.49,8
1799,Arjun,Rao,Operations,Executive,10/16/2021,1684410,34,16,1.92,2
1800,Vikram,Singh,Engineering,Associate,6/14/2024,1644955,42,25,3.24,7
1801,Vikram,Patel,Sales,Data Analyst,12/15/2017,1891986,42,16,1.54,6
1802,Vikram,Desai,Engineering,Executive,1/5/2015,586100,26,6,2.28,5
1803,Pooja,Rao,Finance,Manager,9/19/2017,363879,31,22,4.65,13
1804,Pooja,Reddy,HR,Executive,3/6/2017,2348880,27,19,2.64,4
1805,Amit,Patel,Operations,Manager,8/12/2021,1024045,34,14,3.99,2
1806,Rajesh,Verma,Sales,Data Analyst,5/2/2021,1345533,22,12,1.45,10
1807,Vikram,Sharma,Marketing,Software Engineer,12/6/2020,1585844,41,27,1.99,6
1808,Nikhil,Rao,Marketing,Software Engineer,3/1/2015,779280,29,1,4.23,5
1809,Rajesh,Reddy,HR,Executive,4/14/2022,1856232,31,27,4.05,2
1810,Amit,Gupta,Sales,Software Engineer,3/26/2018,1087600,30,18,2.54,10
1811,Sneha,Verma,Engineering,Manager,8/24/2021,607268,24,23,4.82,7
1812,Rajesh,Gupta,Engineering,Senior Manager,7/24/2020,1663517,32,12,4.64,6
1813,Rajesh,Patel,Finance,Manager,6/4/2018,1785619,33,23,4.85,12
1814,Divya,Sharma,Finance,Senior Manager,5/6/2016,2138524,31,10,2.71,11
1815,Priya,Rao,Engineering,Data Analyst,12/11/2015,1499399,46,26,1.79,9
1816,Kavya,Rao,Marketing,Associate,4/24/2023,422026,46,21,3.51,11
1817,Divya,Desai,Operations,Senior Manager,3/6/2024,1227890,32,14,3.74,10
1818,Arjun,Desai,Marketing,Software Engineer,6/29/2021,1581507,57,9,1.5,5
1819,Pooja,Patel,Finance,Manager,1/13/2016,2068753,47,8,4.15,9
1820,Pooja,Patel,HR,Data Analyst,1/7/2019,1035053,35,26,1.07,9
1821,Priya,Sharma,Engineering,Software Engineer,4/14/2022,862167,22,27,2.93,13
1822,Ananya,Desai,Finance,Data Analyst,10/17/2022,611741,25,8,2.32,1
1823,Ananya,Reddy,Finance,Associate,3/7/2016,1256636,51,19,3.96,5
1824,Amit,Reddy,Operations,Manager,1/1/2015,303626,33,27,2.25,9
1825,Rohan,Sharma,Engineering,Executive,2/12/2022,1958800,56,0,4.31,7
1826,Priya,Reddy,Operations,Manager,7/25/2018,1843971,34,16,3.38,6
1827,Kavya,Nair,Engineering,Associate,7/17/2017,2107737,52,11,4.18,6
1828,Rajesh,Singh,Operations,Manager,2/17/2015,1927008,59,9,4.96,11
1829,Ananya,Sharma,Marketing,Executive,5/26/2020,444454,44,4,3.72,7
1830,Kavya,Sharma,HR,Senior Manager,7/4/2023,736442,25,29,4.94,1
1831,Vikram,Kumar,HR,Data Analyst,7/27/2024,554043,37,28,1.12,4
1832,Rohan,Verma,Engineering,Executive,8/26/2020,943198,28,17,2.35,13
1833,Nikhil,Verma,Sales,Software Engineer,2/21/2020,920343,43,14,1.43,1
1834,Rajesh,Nair,Finance,Associate,11/7/2015,1736909,50,5,2.05,6
1835,Arjun,Desai,Finance,Senior Manager,6/26/2020,1030070,32,6,4.36,14
1836,Vikram,Patel,Engineering,Software Engineer,10/18/2018,2145733,54,16,1.13,13
1837,Vikram,Patel,Operations,Software Engineer,1/25/2021,1906325,50,5,3.08,4
1838,Priya,Gupta,Sales,Associate,11/19/2018,410084,33,7,3.27,1
1839,Rohan,Nair,Marketing,Senior Manager,5/27/2017,1314391,28,11,3.24,9
1840,Amit,Sharma,Operations,Software Engineer,12/13/2015,773006,47,20,2.9,12
1841,Arjun,Nair,Operations,Software Engineer,2/23/2018,1690277,30,13,4.16,4
1842,Ananya,Nair,Engineering,Senior Manager,12/19/2015,2032626,55,11,1.53,12
1843,Kavya,Nair,Engineering,Manager,10/7/2016,373568,34,22,2.24,6
1844,Priya,Verma,Finance,Software Engineer,11/12/2024,1497442,57,9,3.46,13
1845,Ananya,Nair,Engineering,Data Analyst,6/9/2019,1499529,46,21,3.76,7
1846,Priya,Singh,Engineering,Senior Manager,4/25/2020,2090228,45,19,2.62,8
1847,Priya,Patel,Engineering,Software Engineer,9/24/2023,1529351,38,14,4.5,12
1848,Priya,Gupta,Finance,Associate,12/12/2024,1261858,23,6,2.66,13
1849,Rohan,Singh,Marketing,Executive,10/27/2020,2488440,34,25,2.61,11
1850,Amit,Gupta,Marketing,Data Analyst,2/13/2023,771678,52,8,1.14,9
1851,Priya,Kumar,Engineering,Executive,4/8/2018,1729740,50,9,3.2,9
1852,Sneha,Gupta,Finance,Executive,1/20/2018,2122700,49,9,3.83,8
1853,Nikhil,Patel,Marketing,Software Engineer,1/9/2019,314390,48,15,1.46,10
1854,Ananya,Patel,Operations,Data Analyst,9/20/2021,797619,36,28,2.22,11
1855,Rajesh,Nair,Marketing,Data Analyst,10/25/2021,518547,52,6,4.13,12
1856,Divya,Rao,Marketing,Manager,2/24/2018,851595,36,27,2.46,12
1857,Kavya,Kumar,Finance,Executive,5/1/2016,527436,54,29,1.97,14
1858,Arjun,Sharma,Operations,Data Analyst,4/27/2021,2384820,41,4,3.69,3
1859,Pooja,Reddy,Finance,Manager,4/13/2016,1895350,33,22,1.79,12
1860,Amit,Gupta,Engineering,Senior Manager,10/12/2020,1722533,58,2,4.58,2
1861,Rajesh,Rao,HR,Manager,12/5/2021,2085430,30,17,1.42,5
1862,Vikram,Nair,Marketing,Associate,1/1/2022,1318056,44,10,3.83,1
1863,Sneha,Verma,HR,Software Engineer,7/13/2022,1693488,29,14,3,3
1864,Pooja,Sharma,Finance,Senior Manager,9/21/2023,1228252,53,20,4.48,1
1865,Divya,Desai,Finance,Senior Manager,12/30/2019,887073,35,19,1.5,13
1866,Rajesh,Rao,Finance,Associate,4/19/2022,900338,48,4,3.71,3
1867,Pooja,Verma,HR,Manager,3/9/2021,847026,46,23,3.29,13
1868,Rajesh,Kumar,Finance,Software Engineer,11/12/2016,374231,34,11,2.92,4
1869,Kavya,Nair,Engineering,Manager,4/4/2015,2470758,42,3,2.97,7
1870,Sneha,Sharma,Finance,Data Analyst,11/4/2017,1652382,52,14,3.89,12
1871,Divya,Sharma,Sales,Manager,6/6/2019,2150131,58,8,4.75,12
1872,Vikram,Sharma,HR,Senior Manager,3/2/2021,793896,26,6,1.37,5
1873,Priya,Kumar,Sales,Software Engineer,6/30/2023,1380132,34,9,1.08,5
1874,Ananya,Gupta,Finance,Manager,12/17/2016,1607046,49,28,4.22,13
1875,Vikram,Desai,Engineering,Software Engineer,4/3/2016,2025812,46,27,1.43,1
1876,Priya,Kumar,Marketing,Software Engineer,8/17/2024,876250,56,22,4.95,8
1877,Rohan,Reddy,Operations,Data Analyst,1/30/2016,1962918,28,12,3.48,13
1878,Rohan,Desai,Operations,Data Analyst,10/13/2019,817200,59,28,3.6,4
1879,Rohan,Patel,Finance,Senior Manager,11/7/2020,1896963,53,7,1.8,10
1880,Amit,Nair,Engineering,Associate,5/30/2020,1584519,24,11,1.96,5
1881,Nikhil,Kumar,HR,Software Engineer,11/11/2015,1230220,58,21,3.64,2
1882,Arjun,Verma,Sales,Associate,7/28/2015,483683,43,23,4.64,12
1883,Arjun,Desai,Sales,Senior Manager,1/21/2016,1663864,29,18,4.93,13
1884,Rohan,Reddy,Sales,Software Engineer,11/7/2020,832125,38,25,1.79,1
1885,Ananya,Patel,HR,Software Engineer,6/9/2020,1529003,48,25,1.54,9
1886,Divya,Gupta,Operations,Executive,5/3/2017,1526947,54,29,1.23,2
1887,Sneha,Verma,Engineering,Associate,5/16/2021,2260220,38,0,4.47,6
1888,Divya,Desai,HR,Manager,3/13/2023,1072291,33,15,2.18,1
1889,Sneha,Nair,Sales,Data Analyst,6/1/2015,1333879,48,21,1.01,1
1890,Divya,Verma,Finance,Manager,12/24/2019,2448164,29,16,1.9,9
1891,Nikhil,Patel,Marketing,Associate,11/20/2021,518168,44,24,2.36,4
1892,Amit,Verma,HR,Data Analyst,7/9/2017,448178,50,29,4.96,9
1893,Amit,Singh,HR,Manager,1/28/2018,358123,41,17,3.09,11
1894,Rohan,Rao,Engineering,Executive,2/17/2021,1517309,37,10,1.82,5
1895,Priya,Gupta,Engineering,Data Analyst,12/22/2023,1238624,38,17,2.34,7
1896,Pooja,Patel,HR,Software Engineer,2/4/2023,1499438,37,6,2.32,1
1897,Amit,Verma,Sales,Manager,10/29/2020,1015003,40,17,1.08,6
1898,Amit,Rao,Marketing,Data Analyst,4/19/2022,1966312,29,25,1.54,8
1899,Vikram,Rao,Engineering,Executive,8/24/2018,998267,59,7,3.78,14
1900,Vikram,Verma,Sales,Data Analyst,5/28/2021,596956,59,5,1.48,1
1901,Priya,Nair,Finance,Data Analyst,8/29/2019,1136002,50,29,1.92,9
1902,Kavya,Singh,Engineering,Executive,11/24/2016,1661621,57,6,2.4,3
1903,Pooja,Kumar,Sales,Manager,1/5/2022,1470642,47,22,4.03,1
1904,Ananya,Singh,Sales,Senior Manager,7/24/2020,690508,52,21,3.33,1
1905,Vikram,Verma,Marketing,Manager,8/1/2018,2054187,33,9,3.76,13
1906,Ananya,Gupta,Marketing,Associate,2/9/2024,2069107,38,10,3.27,14
1907,Rajesh,Kumar,Finance,Executive,3/18/2015,336160,36,24,3.73,11
1908,Vikram,Patel,Sales,Manager,2/26/2018,319156,30,12,1.01,6
1909,Nikhil,Singh,Operations,Data Analyst,7/27/2015,759822,33,8,4.72,11
1910,Kavya,Verma,Sales,Executive,8/29/2022,1579802,53,6,1.44,6
1911,Pooja,Singh,Marketing,Software Engineer,1/6/2022,2114630,46,8,2.62,1
1912,Priya,Kumar,Operations,Manager,4/24/2018,1810267,39,12,4.08,14
1913,Rajesh,Reddy,Engineering,Executive,10/2/2021,1019701,36,25,2.74,14
1914,Pooja,Desai,Engineering,Manager,12/16/2018,1181809,53,2,4.79,3
1915,Rohan,Singh,HR,Executive,7/23/2022,605007,27,2,2.87,7
1916,Nikhil,Patel,Marketing,Data Analyst,7/16/2019,1037197,56,0,4.5,10
1917,Pooja,Patel,HR,Software Engineer,2/13/2019,2462591,55,20,4.24,3
1918,Nikhil,Sharma,Operations,Software Engineer,5/4/2024,945649,59,19,4.92,3
1919,Nikhil,Singh,Marketing,Associate,7/4/2017,512986,26,1,4.71,3
1920,Ananya,Desai,Finance,Executive,3/15/2016,2231184,39,24,4.59,12
1921,Divya,Nair,Sales,Manager,11/3/2020,329777,37,2,3.93,7
1922,Rohan,Rao,Finance,Software Engineer,9/8/2024,720661,29,14,2.47,4
1923,Rajesh,Desai,Operations,Software Engineer,10/11/2018,498110,46,23,1.42,4
1924,Pooja,Rao,Marketing,Senior Manager,8/15/2015,1333981,53,5,3.75,3
1925,Sneha,Rao,Operations,Senior Manager,5/23/2018,714627,47,29,4.91,10
1926,Rajesh,Reddy,Sales,Software Engineer,1/21/2020,990568,43,12,3.91,11
1927,Divya,Sharma,Engineering,Executive,8/14/2016,1994408,52,20,4.71,9
1928,Rajesh,Desai,Engineering,Associate,7/30/2021,2011303,31,0,4.22,2
1929,Amit,Desai,Operations,Software Engineer,12/20/2024,859650,33,19,1.65,4
1930,Sneha,Reddy,HR,Data Analyst,7/7/2019,1517933,49,18,2,8
1931,Divya,Singh,Marketing,Manager,7/18/2018,1999547,27,0,2.37,6
1932,Ananya,Singh,Marketing,Associate,1/2/2019,505827,41,27,1.67,14
1933,Pooja,Singh,Engineering,Data Analyst,2/25/2016,642424,26,20,3.33,7
1934,Kavya,Gupta,Finance,Associate,10/29/2023,1761659,44,21,4.9,13
1935,Arjun,Rao,Sales,Data Analyst,2/23/2019,2350241,30,1,4.05,7
1936,Divya,Gupta,Finance,Manager,11/14/2018,1040045,50,14,2.69,2
1937,Priya,Sharma,Finance,Manager,8/4/2021,1456245,37,13,1.02,4
1938,Pooja,Reddy,Operations,Senior Manager,6/2/2019,1032318,43,18,2.25,10
1939,Rohan,Desai,Engineering,Executive,6/24/2021,458998,29,10,3.11,10
1940,Divya,Rao,Engineering,Data Analyst,8/13/2015,1976079,41,29,2.3,6
1941,Amit,Gupta,Engineering,Senior Manager,2/18/2023,922995,35,14,1.44,3
1942,Arjun,Gupta,Operations,Data Analyst,5/25/2024,2303011,58,5,2.77,9
1943,Amit,Verma,HR,Senior Manager,6/25/2021,2290094,55,19,2.01,13
1944,Arjun,Gupta,Finance,Manager,7/16/2024,1576120,32,8,4.64,4
1945,Rohan,Nair,Operations,Associate,7/6/2016,1276006,54,4,1.41,10
1946,Kavya,Desai,Marketing,Senior Manager,10/9/2019,1174168,52,19,1.2,13
1947,Priya,Nair,Sales,Data Analyst,1/5/2021,567614,55,1,1.02,2
1948,Pooja,Desai,HR,Data Analyst,10/24/2020,1494601,28,5,2.31,6
1949,Ananya,Reddy,Marketing,Executive,1/5/2019,2108516,44,25,3.64,1
1950,Amit,Desai,Finance,Manager,5/19/2018,1256011,28,17,3.92,6
1951,Amit,Nair,Engineering,Data Analyst,4/7/2016,1092955,46,27,2.81,13
1952,Nikhil,Desai,Finance,Software Engineer,11/30/2018,1566571,24,28,3.74,12
1953,Arjun,Reddy,Operations,Associate,8/16/2016,2061126,59,22,2.44,10
1954,Vikram,Reddy,Sales,Senior Manager,5/4/2022,593313,41,18,3.67,1
1955,Kavya,Sharma,Operations,Executive,2/1/2017,1918505,55,8,1.16,14
1956,Pooja,Desai,HR,Associate,8/2/2015,454062,51,26,2.56,8
1957,Arjun,Verma,HR,Manager,7/9/2020,1902525,38,20,4.16,5
1958,Nikhil,Singh,Sales,Executive,12/12/2020,2017355,31,23,4.21,6
1959,Rajesh,Patel,Marketing,Senior Manager,9/18/2023,1154032,56,26,3.86,2
1960,Arjun,Reddy,Marketing,Senior Manager,10/6/2020,1976483,41,5,1.82,2
1961,Ananya,Kumar,HR,Software Engineer,6/15/2018,1006014,39,13,1.99,12
1962,Pooja,Singh,HR,Manager,1/9/2023,1747922,48,27,4.98,9
1963,Kavya,Rao,Engineering,Executive,5/26/2020,433114,57,25,1.41,3
1964,Nikhil,Desai,Marketing,Executive,10/17/2015,791638,44,23,1.72,6
1965,Rajesh,Nair,Sales,Data Analyst,8/27/2020,2187717,53,28,1.52,10
1966,Sneha,Patel,Marketing,Software Engineer,1/28/2024,984076,31,12,2.31,5
1967,Nikhil,Kumar,Engineering,Software Engineer,12/17/2018,1688857,32,10,1.84,14
1968,Sneha,Singh,Operations,Executive,12/17/2017,439133,59,11,2.99,12
1969,Pooja,Desai,HR,Executive,6/7/2016,645165,27,18,2.9,4
1970,Amit,Sharma,HR,Associate,7/6/2016,1762597,55,18,4.61,10
1971,Nikhil,Rao,Engineering,Associate,4/29/2019,570001,57,20,1.14,2
1972,Priya,Patel,Sales,Associate,12/14/2020,2015556,58,26,2.28,8
1973,Sneha,Verma,HR,Software Engineer,10/22/2015,1881041,38,25,3.39,10
1974,Ananya,Sharma,Finance,Data Analyst,5/22/2024,723327,33,18,3.42,7
1975,Priya,Kumar,HR,Senior Manager,7/19/2022,1699298,42,23,2.92,11
1976,Divya,Patel,Finance,Associate,11/11/2020,1962805,40,25,4.26,2
1977,Divya,Sharma,Engineering,Data Analyst,4/12/2023,1082409,24,12,1.25,6
1978,Rajesh,Rao,Engineering,Manager,10/20/2015,2017826,39,27,4.26,14
1979,Kavya,Verma,HR,Associate,10/7/2019,950332,40,13,2.98,8
1980,Amit,Sharma,Marketing,Senior Manager,4/18/2021,1013391,27,23,1.54,7
1981,Pooja,Gupta,Finance,Manager,4/13/2023,1861232,37,17,4.54,1
1982,Nikhil,Verma,Sales,Manager,10/30/2022,805350,29,11,3.6,5
1983,Vikram,Kumar,HR,Senior Manager,10/8/2017,637164,39,3,1.65,2
1984,Ananya,Rao,Sales,Associate,5/27/2024,2320880,33,9,1.13,6
1985,Sneha,Desai,HR,Software Engineer,3/29/2016,349476,31,28,1.56,7
1986,Pooja,Nair,Marketing,Senior Manager,9/30/2023,1787564,28,16,3.44,14
1987,Priya,Nair,Marketing,Senior Manager,9/13/2024,2309810,22,3,1.72,14
1988,Rohan,Nair,Marketing,Senior Manager,10/8/2016,1555959,57,11,1.9,7
1989,Divya,Patel,Operations,Manager,3/20/2022,369093,42,12,1.1,3
1990,Rohan,Kumar,Marketing,Data Analyst,5/28/2015,2413687,58,28,3.89,7
1991,Ananya,Rao,Engineering,Software Engineer,1/19/2019,1919426,45,26,4.24,5
1992,Vikram,Verma,Engineering,Associate,2/28/2020,1729762,46,28,4.19,8
1993,Nikhil,Patel,Operations,Associate,10/20/2020,556323,28,3,1.51,12
1994,Rajesh,Kumar,Finance,Data Analyst,5/9/2024,2224088,38,9,4.61,8
1995,Vikram,Desai,Sales,Senior Manager,9/19/2021,2438421,50,24,3.69,7
1996,Ananya,Gupta,HR,Software Engineer,10/23/2019,1429250,51,2,4.59,6
1997,Vikram,Rao,HR,Associate,2/3/2023,1128894,28,14,2.79,2
1998,Ananya,Nair,Operations,Executive,7/1/2024,1220631,54,1,2.75,6
1999,Ananya,Sharma,Engineering,Associate,3/22/2015,585291,28,24,4.14,13
2000,Arjun,Rao,HR,Senior Manager,10/26/2024,1949959,45,24,1.37,12
2001,Sneha,Reddy,Engineering,Executive,11/11/2015,2488077,32,16,3.08,11
2002,Rohan,Kumar,Finance,Data Analyst,2/20/2023,890669,30,5,4.35,9
2003,Divya,Singh,Sales,Software Engineer,10/20/2017,1590906,33,25,4.32,2
2004,Arjun,Desai,Finance,Data Analyst,4/27/2016,1362307,56,7,4.82,1
2005,Nikhil,Gupta,Operations,Data Analyst,5/25/2019,1735367,25,2,3.79,11
2006,Arjun,Desai,Marketing,Software Engineer,6/8/2021,1840450,57,26,1.83,13
2007,Amit,Rao,Marketing,Software Engineer,10/22/2018,1989576,49,24,1.08,5
2008,Amit,Singh,Marketing,Associate,7/19/2015,565976,34,17,2.92,11
2009,Divya,Reddy,Finance,Associate,12/28/2020,1905196,44,21,3.05,6
2010,Vikram,Verma,HR,Software Engineer,1/7/2024,312467,40,0,1.96,3
2011,Sneha,Sharma,Sales,Executive,10/30/2018,1389601,58,28,1.5,8
2012,Divya,Singh,Marketing,Manager,2/28/2017,1492755,45,15,3.34,7
2013,Ananya,Kumar,Operations,Associate,6/4/2019,1345851,37,6,4.06,2
2014,Priya,Nair,Operations,Manager,6/26/2015,377994,54,2,4.97,12
2015,Sneha,Reddy,Marketing,Executive,3/14/2023,394202,33,22,4.03,7
2016,Kavya,Sharma,Marketing,Software Engineer,4/5/2023,1947982,55,3,4.17,1
2017,Rohan,Gupta,Sales,Executive,11/16/2020,1734730,28,8,3.47,9
2018,Sneha,Nair,Marketing,Associate,7/12/2018,744854,32,4,4.94,13
2019,Ananya,Rao,Sales,Data Analyst,12/29/2022,460185,52,18,3.56,7
2020,Ananya,Singh,Operations,Software Engineer,7/17/2020,2481515,50,14,4.44,6
2021,Rajesh,Sharma,Marketing,Senior Manager,4/3/2023,2258615,34,7,4.78,13
2022,Divya,Patel,Finance,Manager,4/23/2021,1278534,52,5,4.72,2
2023,Ananya,Verma,Finance,Executive,11/3/2022,573958,23,17,2.53,3
2024,Amit,Verma,Operations,Software Engineer,12/24/2020,1195668,36,18,1.31,1
2025,Nikhil,Reddy,Sales,Executive,2/20/2019,1618155,32,23,1.69,10
2026,Priya,Gupta,Finance,Software Engineer,7/28/2024,1284588,55,14,1.24,13
2027,Rohan,Reddy,Sales,Associate,5/29/2020,555095,25,25,1.42,5
2028,Divya,Patel,Finance,Associate,1/17/2021,781632,32,6,1.74,9
2029,Pooja,Kumar,Finance,Associate,3/15/2017,1609752,50,9,2.36,13
2030,Amit,Gupta,Sales,Executive,4/2/2021,1381516,23,5,3.17,6
2031,Kavya,Desai,HR,Senior Manager,9/17/2020,829954,37,13,3.85,5
2032,Vikram,Kumar,Finance,Associate,11/5/2016,1209834,34,16,1.84,12
2033,Ananya,Gupta,Marketing,Software Engineer,8/6/2015,1711910,58,8,3.69,3
2034,Pooja,Gupta,Operations,Associate,1/14/2021,1711188,38,18,3.82,5
2035,Ananya,Patel,HR,Data Analyst,8/19/2022,326505,42,29,3.23,8
2036,Sneha,Rao,Sales,Associate,3/25/2020,1129601,40,4,4.61,12
2037,Amit,Patel,HR,Executive,4/7/2017,1552930,28,22,1.44,2
2038,Sneha,Gupta,Engineering,Senior Manager,8/29/2021,1950375,59,6,1.71,5
2039,Rajesh,Sharma,Engineering,Data Analyst,10/20/2015,2175530,29,18,2.71,6
2040,Sneha,Kumar,Finance,Executive,6/1/2019,512204,34,19,1.51,10
2041,Rajesh,Patel,Finance,Executive,8/19/2016,828168,58,25,3.27,8
2042,Kavya,Rao,Marketing,Executive,11/4/2016,1273215,23,6,2.59,8
2043,Rajesh,Singh,Operations,Software Engineer,1/8/2017,867827,32,23,2.14,5
2044,Pooja,Reddy,HR,Executive,11/12/2018,1567633,45,1,1.68,9
2045,Ananya,Gupta,Engineering,Software Engineer,7/6/2015,807800,27,24,2.34,4
2046,Vikram,Desai,Finance,Executive,12/22/2018,1453419,47,22,3.43,12
2047,Rohan,Singh,Operations,Manager,2/11/2020,2326182,28,15,3.3,9
2048,Sneha,Verma,HR,Data Analyst,10/31/2019,743942,40,12,1.65,11
2049,Rohan,Nair,Finance,Manager,10/29/2018,348784,27,7,1.5,7
2050,Amit,Rao,Finance,Executive,5/21/2023,2309413,50,5,1.11,6
2051,Rajesh,Desai,Engineering,Data Analyst,6/14/2016,2073462,23,5,1.05,4
2052,Ananya,Nair,Engineering,Data Analyst,1/20/2020,353997,40,8,4.52,2
2053,Priya,Rao,Finance,Senior Manager,8/15/2015,2390053,25,3,1.18,8
2054,Divya,Sharma,Sales,Manager,9/17/2015,481413,27,26,3.92,6
2055,Pooja,Reddy,Finance,Senior Manager,9/25/2020,1760865,58,10,4.49,12
2056,Vikram,Singh,Operations,Data Analyst,8/27/2020,1713119,49,4,1.39,3
2057,Arjun,Kumar,Finance,Software Engineer,10/10/2023,1100981,51,24,2.75,7
2058,Pooja,Rao,Marketing,Data Analyst,7/29/2020,2349875,28,16,4.85,10
2059,Kavya,Kumar,Marketing,Senior Manager,8/4/2024,1040686,30,19,4.34,7
2060,Priya,Reddy,Marketing,Manager,6/27/2015,1817307,46,6,2.96,6
2061,Divya,Gupta,Sales,Executive,12/24/2015,1762108,54,26,4.05,2
2062,Priya,Verma,Sales,Executive,6/10/2015,1180292,22,14,4.33,8
2063,Sneha,Singh,Finance,Manager,11/7/2016,848912,27,24,2.39,1
2064,Rajesh,Reddy,Marketing,Executive,5/29/2020,1827573,39,14,4.57,13
2065,Vikram,Reddy,Sales,Executive,6/14/2021,870993,31,13,2.88,1
2066,Nikhil,Sharma,Engineering,Senior Manager,6/16/2015,1962190,49,12,3.11,6
2067,Rajesh,Nair,Finance,Manager,6/14/2024,1146822,32,10,5,5
2068,Nikhil,Verma,Operations,Associate,6/1/2023,2465521,54,27,4.37,9
2069,Rohan,Singh,HR,Software Engineer,12/18/2017,1550469,22,12,2.45,13
2070,Divya,Gupta,Finance,Software Engineer,10/9/2015,1620309,34,25,1.04,12
2071,Ananya,Gupta,HR,Executive,9/12/2016,1985876,58,21,3.5,7
2072,Arjun,Patel,Marketing,Software Engineer,4/8/2016,2208189,41,27,3.82,2
2073,Amit,Reddy,HR,Manager,3/25/2016,1000146,22,23,3.6,13
2074,Rajesh,Rao,Marketing,Manager,3/7/2020,2473577,24,28,4.87,12
2075,Vikram,Sharma,Engineering,Data Analyst,6/16/2017,2296366,39,8,4.45,7
2076,Kavya,Verma,HR,Data Analyst,7/31/2018,1888858,35,9,2.8,3
2077,Kavya,Gupta,Finance,Software Engineer,11/20/2024,1318543,52,3,1.25,1
2078,Priya,Singh,Marketing,Associate,11/2/2021,411915,48,16,2.9,11
2079,Vikram,Patel,Finance,Data Analyst,6/25/2024,685105,38,13,3.76,8
2080,Divya,Singh,Sales,Data Analyst,6/4/2016,1453248,50,23,3.43,14
2081,Rohan,Sharma,Marketing,Manager,10/26/2018,618821,57,17,3.15,12
2082,Nikhil,Rao,HR,Associate,7/17/2020,332930,58,10,2.88,3
2083,Priya,Patel,Marketing,Executive,10/8/2015,1421889,47,15,2.18,11
2084,Kavya,Patel,Finance,Software Engineer,1/16/2015,1049211,38,0,2.11,8
2085,Amit,Nair,Engineering,Data Analyst,9/13/2021,2293384,43,28,3,7
2086,Amit,Verma,Marketing,Associate,5/31/2021,1444634,46,6,1.64,12
2087,Rajesh,Patel,HR,Associate,2/8/2019,2485028,23,27,2.36,2
2088,Divya,Nair,Sales,Software Engineer,11/23/2019,909654,43,9,2.3,13
2089,Ananya,Nair,Operations,Associate,2/25/2019,837691,26,8,3.35,14
2090,Kavya,Sharma,Engineering,Associate,3/29/2015,1072838,25,26,1.27,14
2091,Divya,Kumar,Sales,Associate,5/9/2018,561420,57,27,4.32,1
2092,Rohan,Singh,Marketing,Data Analyst,10/8/2016,777843,27,27,3.25,7
2093,Nikhil,Rao,Finance,Software Engineer,12/26/2015,635639,42,24,3.68,13
2094,Vikram,Desai,Finance,Associate,7/24/2024,658234,34,2,3.81,1
2095,Kavya,Singh,HR,Associate,12/27/2020,1647421,58,21,2.17,6
2096,Amit,Patel,Finance,Data Analyst,4/13/2022,696601,46,22,2.88,13
2097,Vikram,Rao,Engineering,Software Engineer,2/25/2018,2125260,47,13,4.82,11
2098,Vikram,Gupta,Finance,Manager,12/5/2018,2365306,41,25,4.07,10
2099,Vikram,Kumar,HR,Data Analyst,5/14/2017,881529,54,24,4.88,11
2100,Amit,Gupta,Operations,Software Engineer,12/20/2015,2462182,35,14,3.99,10
2101,Rohan,Gupta,Marketing,Associate,10/15/2016,1512980,57,1,1.7,8
2102,Pooja,Verma,Marketing,Software Engineer,12/20/2022,1555973,38,23,1.26,7
2103,Sneha,Singh,Finance,Software Engineer,10/9/2021,405185,42,13,3.31,4
2104,Nikhil,Desai,Sales,Executive,6/19/2020,355182,37,15,2.43,1
2105,Pooja,Sharma,Marketing,Software Engineer,10/1/2019,1977465,37,6,2.1,1
2106,Nikhil,Desai,Operations,Manager,3/20/2024,1003023,41,3,4.23,4
2107,Priya,Gupta,Finance,Software Engineer,9/23/2015,1152318,50,17,2.47,5
2108,Divya,Patel,HR,Manager,10/21/2017,2172508,49,23,2.27,12
2109,Divya,Kumar,Operations,Associate,7/1/2018,908434,29,26,4.4,7
2110,Arjun,Reddy,Finance,Manager,10/26/2022,1306630,45,4,4.39,14
2111,Divya,Desai,Operations,Associate,12/1/2024,872285,24,5,2.43,4
2112,Amit,Gupta,Marketing,Associate,5/28/2017,444375,46,29,4.33,10
2113,Ananya,Kumar,HR,Manager,9/27/2023,1819644,40,26,4.4,14
2114,Rajesh,Rao,Finance,Data Analyst,4/20/2023,335187,54,6,2.7,12
2115,Arjun,Singh,Engineering,Senior Manager,3/30/2017,1289280,23,14,1.27,1
2116,Rajesh,Nair,HR,Software Engineer,12/28/2018,957253,36,25,1.01,11
2117,Nikhil,Verma,Engineering,Executive,2/4/2019,2017689,43,0,3.09,10
2118,Rajesh,Kumar,Operations,Senior Manager,10/10/2024,1818560,31,23,2.38,7
2119,Rajesh,Patel,Sales,Software Engineer,10/22/2016,2194420,39,3,4.99,2
2120,Arjun,Patel,HR,Software Engineer,12/26/2022,841797,43,28,4.09,13
2121,Priya,Kumar,Operations,Associate,5/4/2018,368653,48,24,4.05,11
2122,Vikram,Patel,Engineering,Software Engineer,4/21/2022,992289,34,0,4.82,2
2123,Divya,Singh,Marketing,Executive,3/14/2019,1542222,54,10,4.55,8
2124,Divya,Patel,Marketing,Software Engineer,10/12/2020,2096218,26,17,2.27,12
2125,Amit,Desai,Sales,Manager,4/28/2023,2104898,47,13,1.66,10
2126,Arjun,Nair,HR,Senior Manager,1/14/2023,852226,34,21,3.98,10
2127,Amit,Patel,HR,Manager,8/29/2023,1204603,48,10,2.51,10
2128,Ananya,Nair,HR,Executive,8/6/2015,560710,35,9,2.89,5
2129,Ananya,Gupta,Operations,Software Engineer,11/30/2021,1580896,45,26,3.52,10
2130,Amit,Sharma,Sales,Executive,5/25/2016,2340403,24,29,4.63,2
2131,Arjun,Singh,HR,Associate,2/26/2019,1753953,51,16,2.68,5
2132,Amit,Sharma,Operations,Manager,6/25/2020,1238193,56,3,4.13,8
2133,Divya,Gupta,Marketing,Manager,1/9/2019,1705419,35,23,2.07,6
2134,Pooja,Singh,Engineering,Data Analyst,3/11/2020,1843103,33,14,3.79,3
2135,Sneha,Kumar,Operations,Software Engineer,12/16/2024,2078244,49,25,1.01,8
2136,Rajesh,Kumar,Marketing,Associate,5/8/2016,888033,50,15,4.49,14
2137,Sneha,Nair,Marketing,Manager,10/1/2021,1480859,38,20,1.12,9
2138,Arjun,Gupta,Engineering,Manager,12/16/2018,693445,42,12,3.85,5
2139,Rohan,Nair,Marketing,Associate,4/30/2016,2280425,44,8,1.19,13
2140,Sneha,Verma,Sales,Executive,8/2/2016,856107,41,10,2.06,2
2141,Ananya,Patel,Engineering,Executive,6/26/2024,2444931,32,10,2.99,2
2142,Nikhil,Reddy,Marketing,Software Engineer,10/16/2023,1761742,55,5,2.68,7
2143,Rajesh,Verma,Finance,Data Analyst,1/24/2024,1709993,31,0,1.77,1
2144,Vikram,Patel,Operations,Manager,11/28/2024,2378937,31,21,2.34,10
2145,Rohan,Singh,Marketing,Data Analyst,1/30/2017,827340,27,5,3.91,12
2146,Arjun,Nair,Sales,Executive,7/21/2018,1655097,57,12,3.68,2
2147,Rajesh,Singh,HR,Executive,9/8/2021,2355397,45,21,1.29,10
2148,Sneha,Singh,Marketing,Senior Manager,11/1/2019,1547486,33,23,3.99,4
2149,Ananya,Patel,HR,Software Engineer,3/8/2019,2248697,44,21,1.21,1
2150,Priya,Gupta,Finance,Senior Manager,7/30/2018,1325607,48,4,3.17,4
2151,Pooja,Patel,Marketing,Senior Manager,12/7/2020,1495268,58,14,2.04,13
2152,Vikram,Rao,Engineering,Senior Manager,10/1/2020,1379037,27,26,3.35,12
2153,Rohan,Kumar,HR,Software Engineer,8/12/2016,1315930,22,17,2.05,11
2154,Pooja,Kumar,Finance,Software Engineer,9/18/2019,1155695,27,19,4.94,13
2155,Rajesh,Verma,Engineering,Associate,7/13/2020,412036,43,13,2.24,10
2156,Ananya,Kumar,Engineering,Data Analyst,9/12/2020,488674,45,14,1.97,5
2157,Ananya,Patel,Engineering,Data Analyst,2/5/2017,1189694,46,25,2.11,9
2158,Sneha,Desai,Engineering,Associate,6/2/2022,890348,36,4,4.59,1
2159,Divya,Nair,Marketing,Associate,4/2/2015,1671446,47,25,3.54,12
2160,Sneha,Patel,Operations,Executive,7/19/2018,1209121,29,3,3.92,5
2161,Divya,Patel,Marketing,Senior Manager,10/18/2022,2440314,45,1,4.67,2
2162,Divya,Reddy,Marketing,Associate,8/20/2020,573497,59,6,4.65,9
2163,Vikram,Nair,Finance,Manager,8/11/2017,2425629,27,9,3.96,6
2164,Sneha,Rao,Finance,Data Analyst,12/11/2021,2028506,56,15,1.79,2
2165,Kavya,Kumar,Operations,Associate,9/1/2020,2483525,22,9,4.37,14
2166,Priya,Nair,Finance,Manager,12/16/2022,993464,57,17,1.82,3
2167,Rohan,Kumar,Sales,Manager,5/6/2022,1018730,33,16,3.97,14
2168,Amit,Verma,Operations,Manager,2/4/2021,1877415,59,29,3.74,8
2169,Amit,Nair,Finance,Executive,11/17/2019,368359,32,20,4.04,1
2170,Sneha,Kumar,Operations,Executive,5/1/2016,773919,33,27,3.13,12
2171,Sneha,Rao,Marketing,Manager,8/11/2017,1658356,28,12,3.55,3
2172,Pooja,Sharma,Marketing,Executive,3/10/2019,1815719,32,0,4.81,13
2173,Rohan,Singh,Operations,Senior Manager,12/27/2020,1116117,57,0,1.4,10
2174,Rohan,Singh,Sales,Manager,2/19/2020,1137566,52,14,2.24,1
2175,Vikram,Rao,Sales,Senior Manager,11/17/2017,1456543,54,0,3.45,11
2176,Sneha,Reddy,Operations,Senior Manager,1/24/2015,394455,34,5,4.86,11
2177,Rohan,Sharma,Finance,Manager,12/17/2019,1809639,39,24,1.38,8
2178,Pooja,Verma,HR,Data Analyst,11/8/2017,1523981,45,25,1.09,1
2179,Divya,Rao,Sales,Manager,5/5/2022,489937,30,12,1.22,13
2180,Ananya,Singh,Engineering,Manager,3/29/2015,2458344,52,26,1.21,5
2181,Ananya,Singh,Marketing,Executive,11/4/2020,1135165,31,27,4.63,4
2182,Divya,Singh,Operations,Manager,5/29/2024,1112425,23,0,3.89,7
2183,Arjun,Gupta,Engineering,Data Analyst,9/28/2016,2034428,59,4,3.71,14
2184,Pooja,Rao,Operations,Executive,9/18/2019,586287,36,8,3.09,5
2185,Rohan,Patel,Marketing,Software Engineer,11/30/2015,2343683,24,29,4.13,8
2186,Kavya,Verma,Marketing,Software Engineer,4/2/2021,1853749,52,24,1.62,12
2187,Pooja,Singh,Sales,Senior Manager,7/2/2020,756104,27,16,2.57,14
2188,Divya,Kumar,Sales,Senior Manager,1/26/2019,2466503,24,15,2.96,11
2189,Priya,Rao,Engineering,Data Analyst,3/18/2020,534085,32,7,1.44,1
2190,Nikhil,Gupta,Operations,Associate,12/17/2023,1058171,36,16,2.68,5
2191,Rajesh,Rao,Marketing,Software Engineer,12/17/2016,798095,49,14,2.27,4
2192,Divya,Verma,Engineering,Senior Manager,3/24/2015,2467461,31,23,1.14,3
2193,Kavya,Gupta,HR,Software Engineer,8/12/2023,986093,59,0,1.55,5
2194,Rohan,Verma,Engineering,Data Analyst,10/7/2020,1467732,28,11,4.06,10
2195,Kavya,Rao,Finance,Data Analyst,11/25/2023,1790424,36,4,1.07,3
2196,Kavya,Patel,Engineering,Associate,12/18/2020,321576,39,23,4.74,8
2197,Sneha,Verma,Finance,Associate,2/5/2023,1335865,39,5,1.35,13
2198,Sneha,Gupta,Finance,Executive,4/18/2019,1628668,45,24,4.2,3
2199,Vikram,Gupta,Finance,Data Analyst,6/29/2022,2486203,23,0,4.59,1
2200,Divya,Verma,HR,Senior Manager,2/15/2024,2332342,41,24,4.76,9
