SaleID,SaleDate,CustomerID,ProductID,QuantitySold,SaleAmount,PaymentMethod,Region
5001,7/4/2024,CUST_6438,2179,3,83085.91,Credit Card,South
5002,4/22/2024,CUST_5476,2900,1,51306.03,Debit Card,West
5003,9/16/2024,CUST_3039,2241,3,62403.89,Net Banking,West
5004,2/10/2022,CUST_7029,2486,3,48296.47,Debit Card,South
5005,5/21/2023,CUST_8159,2430,4,48337.73,Net Banking,North
5006,8/24/2021,CUST_7553,2719,4,77029.03,Credit Card,South
5007,1/21/2024,CUST_8204,2877,3,63228.07,UPI,West
5008,4/6/2022,CUST_7334,2340,8,63693.06,Cash,North
5009,8/19/2024,CUST_6554,2286,8,45577.97,Debit Card,Central
5010,11/2/2021,CUST_4060,2424,1,53579.84,Debit Card,South
5011,6/29/2022,CUST_9129,2424,7,74826.05,Credit Card,West
5012,10/19/2021,CUST_9151,2122,2,82768.15,Net Banking,West
5013,5/27/2021,CUST_7018,2719,1,69959.58,Debit Card,East
5014,5/3/2021,CUST_9507,2576,3,92483.23,Net Banking,East
5015,12/6/2021,CUST_5369,2345,4,82212.08,Debit Card,South
5016,9/22/2022,CUST_2353,2663,6,56624.52,UPI,North
5017,5/3/2024,CUST_7955,2600,5,67469.2,Credit Card,Central
5018,3/11/2024,CUST_2293,2593,4,92704.52,Net Banking,Central
5019,8/15/2022,CUST_8055,2548,8,62297.64,Credit Card,North
5020,6/19/2023,CUST_3956,2196,4,82655.89,Cash,East
5021,9/12/2021,CUST_9937,2278,2,69192.24,Credit Card,West
5022,8/18/2023,CUST_5813,2843,3,55641.7,Net Banking,East
5023,11/11/2024,CUST_6262,2122,6,24941.98,Net Banking,South
5024,9/15/2022,CUST_2680,2568,8,43173.75,Cash,East
5025,12/4/2024,CUST_2311,2260,8,96806.54,Cash,North
5026,4/5/2023,CUST_6372,2272,9,66118.77,Debit Card,South
5027,7/12/2022,CUST_5843,2512,7,56875.14,Net Banking,North
5028,10/22/2023,CUST_6021,2300,2,93362.71,Credit Card,South
5029,1/11/2024,CUST_8305,2660,8,59064.67,Cash,West
5030,10/9/2023,CUST_7981,2507,7,53082.17,Credit Card,East
5031,6/16/2023,CUST_3730,2805,8,76171.77,Cash,North
5032,6/14/2021,CUST_8272,3003,3,71553.9,Net Banking,South
5033,5/9/2024,CUST_6759,2292,7,20122.84,Cash,East
5034,3/23/2021,CUST_8325,2551,9,47659.52,Net Banking,Central
5035,6/4/2023,CUST_1693,2849,3,47779.03,Cash,North
5036,10/23/2022,CUST_6776,2769,6,38444.23,Debit Card,West
5037,5/21/2024,CUST_8126,2926,2,52212.05,Cash,South
5038,5/28/2022,CUST_5498,2155,2,41897.63,Debit Card,North
5039,2/22/2021,CUST_1939,2191,5,20735.2,Debit Card,North
5040,7/7/2021,CUST_2229,2826,5,41824.28,Credit Card,Central
5041,4/14/2022,CUST_7655,2570,7,8155.42,Net Banking,West
5042,10/12/2024,CUST_6952,2756,2,58002.8,Cash,Central
5043,3/24/2024,CUST_9406,2932,7,85511.8,Cash,South
5044,4/17/2024,CUST_3621,3000,5,72803.42,UPI,East
5045,2/12/2021,CUST_1510,2671,6,36679.01,Cash,North
5046,10/8/2024,CUST_3339,2006,8,9620.05,Net Banking,South
5047,7/6/2022,CUST_8179,2191,4,21012.79,Net Banking,South
5048,3/26/2024,CUST_1570,2939,7,55003.54,Cash,West
5049,3/24/2021,CUST_3068,2734,6,21498.65,Debit Card,North
5050,12/25/2021,CUST_2101,2130,2,54853.34,UPI,Central
5051,8/22/2023,CUST_4866,2815,8,23928.3,Net Banking,East
5052,11/29/2023,CUST_7001,2447,9,85043.46,UPI,North
5053,8/27/2024,CUST_6933,2880,5,40329.88,UPI,North
5054,6/25/2023,CUST_7272,2434,4,25309.51,Net Banking,East
5055,7/24/2022,CUST_1530,3014,6,81420.29,Debit Card,South
5056,1/7/2022,CUST_3513,2550,8,34941.06,Debit Card,Central
5057,4/13/2024,CUST_8371,2662,3,12037.28,Net Banking,North
5058,6/12/2023,CUST_7077,2581,1,57470.54,Cash,South
5059,7/24/2024,CUST_7095,2692,4,58574.86,Cash,West
5060,10/5/2023,CUST_8273,2268,4,71754.87,UPI,South
5061,7/6/2021,CUST_2259,2994,1,24781.72,Cash,East
5062,8/21/2023,CUST_3255,2704,9,44933.36,UPI,Central
5063,12/14/2022,CUST_9674,2100,3,28954.42,Cash,East
5064,4/17/2023,CUST_7012,2095,5,9014.42,Debit Card,West
5065,11/14/2022,CUST_7521,2204,6,87784.77,Debit Card,South
5066,10/20/2022,CUST_6150,2942,8,73158.11,Debit Card,North
5067,10/4/2024,CUST_5566,2034,6,30844.84,Cash,West
5068,8/3/2021,CUST_5089,2255,3,60337.93,UPI,East
5069,11/26/2021,CUST_2858,2324,6,20925.12,UPI,South
5070,11/7/2022,CUST_1424,2904,1,89133.43,Debit Card,East
5071,4/24/2023,CUST_4048,2935,4,12375.73,Debit Card,North
5072,11/21/2024,CUST_9176,2002,6,1379.88,Cash,West
5073,10/12/2023,CUST_9482,2877,7,50698.81,Cash,West
5074,8/14/2022,CUST_7340,2415,3,58729.65,UPI,Central
5075,9/18/2024,CUST_2929,2271,9,58317.57,Credit Card,East
5076,4/1/2023,CUST_5288,2619,7,6396.68,UPI,Central
5077,2/1/2024,CUST_5264,2326,1,32090.34,Cash,West
5078,3/17/2021,CUST_8311,2562,2,50420.7,Net Banking,South
5079,7/21/2023,CUST_4515,2192,1,22441.34,Cash,Central
5080,6/30/2021,CUST_5678,2739,9,87389.96,Cash,South
5081,10/7/2022,CUST_9047,2513,9,9623.82,Net Banking,Central
5082,6/1/2022,CUST_4279,2169,7,49251.06,Cash,East
5083,10/25/2022,CUST_3009,2762,3,69450.19,UPI,East
5084,8/26/2021,CUST_3223,2339,5,26913.36,Net Banking,West
5085,4/8/2023,CUST_2213,2107,4,62799.83,Credit Card,East
5086,11/20/2023,CUST_8406,2812,7,83109.13,Cash,Central
5087,1/3/2021,CUST_3828,2626,9,19843.36,Credit Card,Central
5088,9/8/2024,CUST_8292,2480,2,91804.84,Credit Card,South
5089,1/17/2024,CUST_2438,2880,8,55802.29,Net Banking,North
5090,8/5/2023,CUST_6236,2187,9,30623.97,Debit Card,Central
5091,4/27/2023,CUST_6692,2195,9,43654.97,Credit Card,South
5092,4/22/2021,CUST_2063,2003,7,31907,Credit Card,West
5093,1/20/2022,CUST_9882,2438,9,72786,Debit Card,East
5094,11/28/2023,CUST_5757,2977,9,79833.77,UPI,East
5095,1/11/2023,CUST_5914,2160,3,83460.8,Debit Card,Central
5096,6/29/2024,CUST_3580,2272,4,98591.06,UPI,East
5097,10/18/2023,CUST_3852,2464,2,79337.14,UPI,West
5098,7/4/2024,CUST_6922,2912,3,60537.02,Debit Card,North
5099,6/25/2023,CUST_9335,2020,5,34582.81,Credit Card,Central
5100,4/16/2021,CUST_4673,2017,5,54914.95,UPI,West
5101,2/21/2022,CUST_2988,2704,6,5065.75,Debit Card,South
5102,7/1/2022,CUST_4292,2247,7,74737.68,Cash,North
5103,1/30/2024,CUST_3275,2865,7,45149.6,Credit Card,Central
5104,9/26/2021,CUST_4878,2271,1,2982.3,UPI,East
5105,8/13/2022,CUST_9094,2979,2,7188.19,Net Banking,Central
5106,6/17/2023,CUST_1430,2146,9,39359.18,Credit Card,South
5107,12/1/2024,CUST_6912,2469,2,58758.73,Cash,East
5108,9/20/2023,CUST_7044,2785,6,46956.19,Cash,North
5109,9/6/2021,CUST_8657,2183,1,62301.23,Debit Card,Central
5110,3/1/2021,CUST_3126,2210,3,48549.13,Cash,West
5111,7/14/2024,CUST_2412,2212,2,66508.68,Net Banking,South
5112,5/31/2024,CUST_2077,2642,3,22693.48,Debit Card,Central
5113,5/6/2022,CUST_6067,2753,5,12171.48,Cash,West
5114,12/24/2024,CUST_7523,2613,6,60046.96,UPI,Central
5115,11/21/2021,CUST_8842,2281,9,48984.26,Credit Card,South
5116,9/29/2022,CUST_9612,2784,4,3659.9,Net Banking,Central
5117,2/3/2024,CUST_7730,2273,7,38667.71,Net Banking,East
5118,1/29/2021,CUST_7708,2293,6,11506.43,Net Banking,East
5119,2/6/2024,CUST_2208,2141,2,53604.33,UPI,West
5120,4/16/2023,CUST_3053,2018,8,40181.99,Cash,East
5121,7/10/2021,CUST_6194,2337,7,61702.04,Credit Card,North
5122,4/6/2022,CUST_2215,2902,7,80754.62,Credit Card,North
5123,8/21/2021,CUST_8372,2720,8,30667.2,UPI,Central
5124,8/4/2023,CUST_8632,2437,1,96248.11,Debit Card,North
5125,8/29/2021,CUST_9476,2311,1,54027.82,Cash,North
5126,8/19/2024,CUST_6644,2844,8,62210.79,Net Banking,South
5127,11/12/2021,CUST_3102,2907,4,68386.56,Debit Card,South
5128,10/18/2023,CUST_3981,2445,5,67006.42,UPI,North
5129,8/21/2022,CUST_3114,2178,8,51586.1,Cash,South
5130,11/9/2023,CUST_8088,2206,5,43447.66,Cash,North
5131,12/15/2024,CUST_9238,2287,4,6324.41,Cash,West
5132,7/14/2022,CUST_1907,2253,6,3186.5,Debit Card,South
5133,5/1/2023,CUST_3034,2787,5,36438.16,Debit Card,North
5134,9/16/2023,CUST_9488,2720,7,34032.43,UPI,North
5135,8/26/2023,CUST_3507,2880,7,39381.82,Net Banking,Central
5136,5/15/2022,CUST_5982,2645,4,14698.45,Debit Card,West
5137,7/25/2023,CUST_3697,2287,5,74078.66,Credit Card,West
5138,2/3/2024,CUST_3653,2508,3,85839.48,Debit Card,Central
5139,10/24/2021,CUST_6286,2568,4,93932.75,Debit Card,Central
5140,2/25/2023,CUST_4694,2173,4,49743.87,Cash,Central
5141,1/26/2022,CUST_6669,2509,3,70385.7,Credit Card,East
5142,5/12/2024,CUST_9501,2584,5,85699.56,Net Banking,North
5143,11/7/2023,CUST_5653,2055,5,42410.82,Credit Card,East
5144,10/7/2021,CUST_2292,2618,7,31631.87,Net Banking,South
5145,5/23/2021,CUST_5105,2421,4,93735.73,UPI,Central
5146,7/20/2022,CUST_4216,3044,4,52051.98,Cash,North
5147,4/30/2023,CUST_5496,2387,9,50228.13,UPI,North
5148,11/28/2022,CUST_3050,2803,6,18663.19,Debit Card,South
5149,11/6/2023,CUST_5961,2606,4,11707.35,Debit Card,West
5150,7/2/2022,CUST_9740,2112,2,84368.58,Cash,North
5151,1/6/2021,CUST_2530,2491,6,61799.18,UPI,West
5152,8/3/2022,CUST_9234,3014,2,33256.63,Credit Card,North
5153,9/4/2022,CUST_3762,2791,5,19981.89,UPI,East
5154,4/17/2024,CUST_3526,2231,6,55994.23,Net Banking,Central
5155,4/2/2024,CUST_3804,2494,4,58808.01,Debit Card,West
5156,9/13/2024,CUST_6531,3024,3,21492.37,Credit Card,East
5157,9/30/2023,CUST_1674,2146,7,85289.17,Debit Card,North
5158,11/1/2021,CUST_1464,2025,2,9342.17,UPI,Central
5159,7/4/2023,CUST_2330,2740,6,36253.22,Cash,East
5160,1/9/2024,CUST_1744,2649,4,68358.06,Credit Card,Central
5161,9/19/2023,CUST_5336,2271,6,28137.92,Cash,North
5162,12/8/2022,CUST_4453,2793,4,82939.84,UPI,North
5163,11/12/2022,CUST_7825,2862,4,74246.91,Net Banking,East
5164,2/5/2024,CUST_1496,2749,4,79113.26,Cash,North
5165,1/18/2024,CUST_9159,2354,9,12791.55,Cash,South
5166,2/12/2023,CUST_9938,2965,7,14914.17,UPI,Central
5167,7/22/2023,CUST_5745,2150,3,29360.9,Credit Card,North
5168,10/22/2022,CUST_5949,2035,3,52289.64,UPI,North
5169,1/22/2022,CUST_8912,2139,6,75053.59,Cash,South
5170,11/29/2024,CUST_5012,2029,6,83816.56,Debit Card,Central
5171,5/5/2022,CUST_7653,2537,4,70729.2,Debit Card,West
5172,3/17/2024,CUST_5873,2442,9,92931.09,Cash,South
5173,2/24/2023,CUST_8430,2082,4,74135.61,Credit Card,South
5174,4/24/2022,CUST_2195,2124,9,31320.52,Cash,Central
5175,4/22/2023,CUST_1981,2816,4,27243.05,Debit Card,South
5176,3/31/2021,CUST_3589,3038,2,69923.05,Net Banking,Central
5177,10/14/2022,CUST_8202,2587,2,20094.19,Cash,South
5178,8/27/2023,CUST_7809,3027,5,10178.77,Cash,Central
5179,12/15/2024,CUST_8933,2851,4,53690.06,Net Banking,Central
5180,2/20/2023,CUST_8609,2868,7,82342.52,Credit Card,West
5181,3/2/2023,CUST_4342,2824,5,11036.6,UPI,North
5182,9/21/2024,CUST_6573,2169,6,79397.24,Debit Card,Central
5183,8/28/2024,CUST_3353,2313,4,81345.63,Debit Card,East
5184,11/8/2021,CUST_6121,2569,2,48745.13,UPI,West
5185,10/12/2023,CUST_6231,2172,9,6673.72,UPI,West
5186,3/17/2021,CUST_6658,2635,7,18284.4,UPI,North
5187,9/16/2021,CUST_7532,2162,4,71035.2,UPI,South
5188,10/26/2023,CUST_3142,3048,3,71466.02,Debit Card,South
5189,4/23/2024,CUST_7070,2417,3,89937.17,Cash,Central
5190,11/11/2022,CUST_9437,2319,9,58685.93,Cash,West
5191,7/25/2021,CUST_2739,2670,5,13286.63,Net Banking,Central
5192,6/21/2023,CUST_6228,2801,3,13020.08,Cash,East
5193,7/24/2021,CUST_4960,2136,5,72392.1,Credit Card,South
5194,12/14/2023,CUST_8642,2636,2,19194.68,Credit Card,Central
5195,7/25/2023,CUST_3007,2896,4,33510.16,UPI,Central
5196,2/1/2021,CUST_5382,2489,2,49233.99,Net Banking,West
5197,10/23/2021,CUST_8366,2119,2,3451.72,Debit Card,East
5198,4/20/2023,CUST_5061,2501,8,25633.08,Cash,East
5199,9/2/2024,CUST_3308,2177,1,41381.07,Cash,Central
5200,11/13/2021,CUST_2586,2890,7,28684,Debit Card,East
5201,6/3/2021,CUST_1829,2238,5,14500.66,Credit Card,East
5202,8/20/2023,CUST_5754,2929,8,73073.21,UPI,West
5203,6/27/2022,CUST_7293,2113,1,81501.62,Net Banking,West
5204,11/25/2022,CUST_7850,2634,7,26490.42,Credit Card,East
5205,6/30/2024,CUST_5067,2360,5,77667.53,Net Banking,Central
5206,11/19/2024,CUST_3616,2245,4,39169.8,UPI,South
5207,3/26/2023,CUST_6364,2026,7,51161.89,Cash,Central
5208,8/23/2024,CUST_6123,2282,2,85744.11,UPI,Central
5209,6/14/2021,CUST_4110,2024,1,75245.41,Credit Card,South
5210,11/4/2022,CUST_3610,2336,1,80706.57,Cash,West
5211,10/13/2024,CUST_9163,3017,1,14547.67,UPI,Central
5212,12/29/2023,CUST_9433,2711,5,7902.22,Cash,East
5213,2/18/2023,CUST_8648,2531,7,89447.07,Cash,East
5214,10/11/2022,CUST_9171,2342,2,39395.59,Net Banking,West
5215,7/7/2024,CUST_6055,2762,8,29500.09,Net Banking,West
5216,9/27/2023,CUST_9148,2260,4,72744.93,Credit Card,West
5217,1/14/2024,CUST_1379,2551,3,83805.14,UPI,North
5218,3/15/2021,CUST_2475,2242,8,86386.47,Debit Card,North
5219,6/18/2024,CUST_7442,2061,2,32283.72,UPI,East
5220,5/21/2021,CUST_9281,2687,3,85369.03,Cash,Central
5221,4/26/2022,CUST_8491,2880,3,5052.46,Credit Card,North
5222,7/16/2024,CUST_4944,2558,1,5916.49,Credit Card,Central
5223,11/2/2024,CUST_4524,2131,6,62728.4,Debit Card,South
5224,8/12/2022,CUST_6781,2539,2,7247.53,Cash,East
5225,4/11/2022,CUST_1797,2158,1,33136.31,Cash,North
5226,7/5/2021,CUST_1828,3017,2,67602.84,Credit Card,East
5227,6/8/2023,CUST_5609,2933,6,34389.42,Credit Card,South
5228,7/21/2021,CUST_9108,3047,4,18780.38,Debit Card,South
5229,7/21/2024,CUST_8710,2738,6,28853.71,Debit Card,East
5230,12/12/2024,CUST_5681,2114,9,46299.96,Net Banking,North
5231,7/25/2021,CUST_9793,3024,8,48063.2,Credit Card,East
5232,6/28/2023,CUST_1133,2342,1,78517.02,Debit Card,Central
5233,12/7/2021,CUST_2761,2754,8,75265.17,Cash,Central
5234,11/22/2024,CUST_8060,2323,9,46224.96,Net Banking,Central
5235,9/6/2022,CUST_3194,2523,6,84721.07,Credit Card,Central
5236,3/1/2021,CUST_5333,2211,5,12309.48,Debit Card,Central
5237,4/5/2021,CUST_6992,2237,6,26279.98,Credit Card,South
5238,10/27/2022,CUST_7606,2468,6,82969.67,Net Banking,North
5239,4/25/2021,CUST_6995,3043,9,38421.41,UPI,North
5240,8/24/2022,CUST_1741,2006,4,98136.97,Credit Card,West
5241,1/5/2023,CUST_7563,2091,2,47159.07,Credit Card,East
5242,2/7/2023,CUST_1838,2026,9,79401.63,Credit Card,South
5243,6/2/2023,CUST_4189,2501,2,40828.4,Credit Card,South
5244,10/26/2021,CUST_6939,2095,9,43070.4,Debit Card,East
5245,5/16/2022,CUST_5728,2967,2,38905.43,UPI,East
5246,12/24/2023,CUST_2204,2746,8,72188.49,Cash,Central
5247,4/24/2023,CUST_7329,2785,9,55204.27,Credit Card,South
5248,3/5/2024,CUST_9261,2308,9,94434.03,Cash,South
5249,10/28/2024,CUST_8378,2367,9,25838.14,Debit Card,East
5250,1/4/2022,CUST_5582,2073,2,10955.71,UPI,East
5251,12/15/2021,CUST_2946,2859,4,39932.89,Net Banking,North
5252,12/25/2021,CUST_3108,2460,7,62054.56,Net Banking,Central
5253,6/11/2021,CUST_2584,2660,2,86219.09,Net Banking,West
5254,6/2/2024,CUST_7453,2509,1,35273.49,Net Banking,Central
5255,2/23/2023,CUST_7114,2853,3,65724.89,Net Banking,South
5256,6/23/2024,CUST_6555,2656,4,35669.67,UPI,North
5257,10/31/2024,CUST_6990,2556,8,62104.74,Credit Card,East
5258,5/9/2022,CUST_3363,2160,6,88595.99,Net Banking,West
5259,10/17/2023,CUST_4261,2764,2,23904.41,Credit Card,South
5260,4/9/2024,CUST_9341,2245,9,41019.92,Cash,West
5261,10/21/2021,CUST_7576,3029,2,99333.25,Credit Card,Central
5262,4/21/2022,CUST_9193,2108,5,86987.15,Cash,North
5263,8/3/2023,CUST_1659,2368,4,56899.35,Credit Card,Central
5264,7/30/2024,CUST_1742,2458,7,52146.13,Cash,East
5265,6/5/2022,CUST_1637,2095,8,29175.44,Credit Card,North
5266,7/31/2023,CUST_3245,2822,5,52203.73,Credit Card,Central
5267,6/7/2022,CUST_6456,2142,5,84969.97,UPI,West
5268,9/27/2024,CUST_8761,2953,2,68832.28,Cash,North
5269,1/20/2021,CUST_9508,2579,8,29714.36,Credit Card,North
5270,8/11/2023,CUST_8487,2637,2,20944.93,UPI,East
5271,8/13/2022,CUST_3440,2671,6,27255.65,UPI,East
5272,10/19/2024,CUST_9446,2177,8,17806.16,Cash,West
5273,1/25/2024,CUST_3290,2936,6,10468.43,Credit Card,West
5274,11/20/2021,CUST_6373,2017,4,42494.48,UPI,North
5275,6/1/2021,CUST_6218,2756,4,12216.66,Net Banking,South
5276,6/24/2023,CUST_3662,2411,6,18019.34,Net Banking,Central
5277,12/9/2022,CUST_7438,2598,4,55185.14,Net Banking,North
5278,4/18/2024,CUST_5902,2623,8,17295.33,Credit Card,West
5279,9/5/2022,CUST_6511,2497,9,7324.1,Net Banking,North
5280,8/1/2024,CUST_9311,2951,1,32421.5,Debit Card,East
5281,5/19/2023,CUST_9351,2755,4,22811.59,Cash,Central
5282,11/14/2024,CUST_9721,3011,4,52015.21,Debit Card,North
5283,5/28/2022,CUST_9025,2401,2,11134.34,Debit Card,East
5284,7/25/2023,CUST_5911,2503,6,75425.31,Net Banking,Central
5285,9/11/2022,CUST_8780,2309,3,90717.12,Cash,Central
5286,2/12/2022,CUST_1272,2014,7,74600.08,UPI,South
5287,2/27/2023,CUST_7035,2840,5,53749.88,Debit Card,East
5288,9/17/2023,CUST_6427,2049,4,86206.11,UPI,Central
5289,8/7/2021,CUST_2795,2478,5,69796.92,UPI,South
5290,5/1/2022,CUST_7824,2710,8,2044.56,Credit Card,South
5291,2/21/2023,CUST_6040,2020,3,40014.93,Cash,North
5292,3/17/2024,CUST_1436,2687,7,85244.24,Cash,West
5293,1/6/2023,CUST_8775,2003,6,35240.03,Debit Card,West
5294,3/23/2024,CUST_5350,2771,1,4486.3,Credit Card,Central
5295,8/29/2022,CUST_4728,2630,7,74871.78,Credit Card,Central
5296,12/3/2024,CUST_1841,2213,7,80401.79,Credit Card,Central
5297,8/28/2022,CUST_8871,2421,1,16898.78,Cash,North
5298,2/14/2021,CUST_3793,2488,9,54196.71,Cash,South
5299,9/10/2024,CUST_9589,2860,6,20003.59,Net Banking,West
5300,3/22/2023,CUST_7229,3008,2,72204.21,Cash,East
5301,7/17/2022,CUST_3421,2123,5,27883.5,Cash,West
5302,1/17/2021,CUST_4968,2292,4,32305.3,Credit Card,South
5303,3/5/2024,CUST_1517,2574,7,84652.11,UPI,South
5304,11/5/2024,CUST_2800,2191,8,48155.91,Debit Card,East
5305,4/11/2021,CUST_4125,2090,1,67305.69,UPI,North
5306,5/26/2024,CUST_1310,2475,5,40834.93,Debit Card,West
5307,10/15/2023,CUST_8225,2846,3,30502.68,Net Banking,Central
5308,8/10/2022,CUST_6139,2763,1,62922.33,Cash,North
5309,4/17/2022,CUST_7861,2939,3,16330.9,Debit Card,Central
5310,5/28/2024,CUST_3481,2174,6,37926.98,Debit Card,West
5311,12/23/2022,CUST_7765,2196,7,21694.67,Debit Card,East
5312,3/25/2022,CUST_4340,3036,8,69883.7,Debit Card,North
5313,7/27/2024,CUST_7723,2274,4,94476.67,Cash,West
5314,1/25/2022,CUST_9221,2808,3,99555.59,UPI,Central
5315,6/25/2024,CUST_8726,2154,5,45577.4,Debit Card,West
5316,5/29/2022,CUST_2020,2128,9,26000.51,Credit Card,South
5317,10/20/2024,CUST_3262,2891,6,44840.11,Debit Card,South
5318,9/12/2024,CUST_9498,2268,9,84879.67,Cash,West
5319,10/26/2024,CUST_4397,2485,6,21394.56,Credit Card,Central
5320,10/8/2021,CUST_6325,2598,2,95257.47,Cash,South
5321,7/10/2024,CUST_8837,2535,5,34844.71,Net Banking,West
5322,7/18/2021,CUST_9609,2646,9,98594.56,Cash,West
5323,7/9/2024,CUST_7173,2805,8,84022.28,Credit Card,Central
5324,8/16/2024,CUST_6140,2669,7,81048.48,UPI,South
5325,3/22/2021,CUST_3837,2652,1,32472.56,Credit Card,Central
5326,9/25/2022,CUST_8531,2928,4,1868.94,UPI,Central
5327,6/22/2023,CUST_9734,2557,7,38831.16,Credit Card,Central
5328,3/10/2021,CUST_6608,2479,7,30879.13,Debit Card,South
5329,4/1/2024,CUST_9950,2153,6,4702.3,Cash,South
5330,1/18/2023,CUST_6804,2416,8,51031.16,Net Banking,North
5331,9/27/2021,CUST_5331,2279,6,40900.1,UPI,East
5332,7/4/2021,CUST_8932,2224,3,63821.09,UPI,West
5333,8/28/2022,CUST_4150,2319,4,62497.45,Debit Card,East
5334,11/1/2022,CUST_5038,2217,3,12953.92,Debit Card,Central
5335,5/1/2023,CUST_5571,2337,1,97719.59,Credit Card,North
5336,12/26/2021,CUST_5890,2921,5,19506.21,UPI,North
5337,2/16/2022,CUST_4684,2955,1,45082.13,Cash,West
5338,9/28/2021,CUST_5876,2644,1,49323.64,Credit Card,West
5339,1/10/2024,CUST_5735,2833,2,81493.22,Debit Card,East
5340,1/20/2023,CUST_4396,2248,4,10823.73,UPI,East
5341,12/24/2023,CUST_9011,2734,6,43435.78,Net Banking,South
5342,10/25/2023,CUST_6194,2426,8,63221.71,Net Banking,East
5343,7/13/2022,CUST_8861,2926,3,22300.41,UPI,East
5344,12/3/2021,CUST_6714,2632,1,63119.32,Cash,Central
5345,6/11/2022,CUST_5480,2949,3,92442.82,UPI,North
5346,9/14/2023,CUST_5715,2543,3,99754.29,Cash,East
5347,8/28/2022,CUST_2996,2246,5,4212.66,Debit Card,South
5348,11/25/2022,CUST_9899,2186,4,24323.23,Cash,East
5349,8/24/2021,CUST_7220,2323,4,31720.4,Cash,Central
5350,8/18/2023,CUST_7464,2624,9,40513.48,UPI,West
5351,6/4/2021,CUST_6654,2083,7,24983.46,UPI,Central
5352,10/16/2021,CUST_3399,2441,4,21145.31,Net Banking,South
5353,4/8/2022,CUST_5758,2672,3,95500.83,Debit Card,West
5354,10/17/2024,CUST_1689,2304,6,91933.64,Credit Card,North
5355,10/13/2024,CUST_5712,2187,3,5652.26,UPI,South
5356,3/25/2023,CUST_2294,2509,6,34542.49,Debit Card,South
5357,2/16/2024,CUST_6674,2729,9,41109.71,Debit Card,East
5358,1/20/2023,CUST_8247,2812,6,24662.44,Net Banking,South
5359,7/4/2021,CUST_5201,2101,4,63258.42,UPI,North
5360,3/20/2023,CUST_8849,2613,5,64397.69,UPI,North
5361,1/29/2021,CUST_4505,2533,6,85199.92,Debit Card,North
5362,6/26/2022,CUST_4310,2357,3,74346.06,UPI,South
5363,1/4/2024,CUST_9824,2064,8,54714.76,Net Banking,Central
5364,9/11/2021,CUST_5442,2829,4,65705.09,Net Banking,South
5365,7/21/2023,CUST_5450,2927,8,28124.89,Net Banking,East
5366,1/25/2023,CUST_3249,2512,3,59712.56,UPI,North
5367,10/9/2024,CUST_2789,2194,7,49433.5,UPI,East
5368,10/8/2024,CUST_4920,2947,9,14201.1,Net Banking,North
5369,6/21/2022,CUST_4972,2209,4,25011.88,Cash,East
5370,4/12/2024,CUST_1831,2287,8,29877.65,Credit Card,West
5371,2/20/2023,CUST_9700,2249,3,92506.65,Debit Card,West
5372,7/31/2024,CUST_4697,2025,7,23808.28,Cash,North
5373,1/31/2023,CUST_4814,2127,3,29635.15,Credit Card,East
5374,8/10/2021,CUST_1860,2456,7,37566.06,UPI,South
5375,10/14/2024,CUST_2641,2268,6,66710.53,Debit Card,Central
5376,4/24/2022,CUST_7771,2406,2,12705.6,Cash,South
5377,8/24/2023,CUST_6411,2821,3,95440.58,Debit Card,South
5378,2/21/2021,CUST_8739,2763,6,86691.55,UPI,Central
5379,6/22/2024,CUST_2647,2173,4,58144.39,Credit Card,Central
5380,2/24/2024,CUST_3252,2531,6,67729.75,Credit Card,East
5381,11/3/2022,CUST_1084,2154,1,2649.39,Credit Card,Central
5382,6/3/2024,CUST_3587,2045,1,34555.53,Cash,West
5383,3/30/2022,CUST_7666,2133,3,79770.36,Credit Card,Central
5384,8/19/2024,CUST_8793,2405,8,8670.81,Cash,South
5385,5/10/2021,CUST_8822,2909,8,28949.07,Cash,North
5386,7/25/2024,CUST_4267,2264,4,58944.39,Net Banking,West
5387,8/9/2023,CUST_5706,2189,6,26384.89,Cash,Central
5388,12/6/2024,CUST_6262,2680,8,93463.82,Debit Card,Central
5389,9/11/2022,CUST_5676,2251,7,13974.8,Credit Card,North
5390,8/22/2024,CUST_1969,2088,7,79942.04,Cash,East
5391,4/17/2023,CUST_2465,2945,4,51286.92,UPI,South
5392,8/27/2021,CUST_4804,2104,9,75282.75,Cash,North
5393,10/14/2021,CUST_9767,2345,6,31760.82,Cash,East
5394,4/3/2021,CUST_1611,2888,3,51934.47,Net Banking,South
5395,3/18/2021,CUST_3868,2809,5,85826.7,Debit Card,Central
5396,9/16/2022,CUST_7846,3017,5,47220.93,UPI,East
5397,10/6/2023,CUST_3880,2061,5,36612.27,Net Banking,North
5398,8/26/2021,CUST_1595,2784,8,54079.38,Debit Card,West
5399,7/19/2021,CUST_7504,2874,9,72018.91,Cash,North
5400,4/26/2022,CUST_9116,2354,9,44912.77,UPI,North
5401,1/6/2024,CUST_4052,2725,6,93948.82,Debit Card,West
5402,10/5/2021,CUST_5742,2440,6,30199.64,Net Banking,East
5403,3/7/2023,CUST_1613,2384,9,48070.9,Cash,East
5404,7/19/2023,CUST_1151,2564,4,75935.84,Cash,North
5405,1/30/2023,CUST_5888,2574,6,69222.99,Credit Card,North
5406,10/5/2024,CUST_2758,2914,4,86500.46,Net Banking,East
5407,11/27/2024,CUST_6489,2305,1,99684.11,UPI,West
5408,1/12/2024,CUST_5662,2071,7,43258.97,Cash,South
5409,5/9/2023,CUST_8444,2504,6,12003.94,Credit Card,West
5410,4/17/2024,CUST_9901,2605,9,4011.17,Debit Card,Central
5411,11/13/2021,CUST_9590,3022,7,72960.81,Cash,North
5412,4/30/2023,CUST_9092,2844,7,87527.35,Debit Card,East
5413,9/3/2024,CUST_3198,2982,2,22850.55,Cash,West
5414,7/22/2021,CUST_9261,2125,9,16686.36,Debit Card,Central
5415,9/30/2023,CUST_8668,2180,9,7158.3,Net Banking,Central
5416,6/14/2024,CUST_5470,2573,6,82447.59,Debit Card,North
5417,4/16/2023,CUST_4159,2785,3,31826.81,Debit Card,South
5418,7/27/2022,CUST_2845,2282,1,40767.99,Cash,South
5419,3/9/2021,CUST_6417,2859,4,50772.27,Cash,Central
5420,11/14/2024,CUST_3662,2409,3,84105.87,Debit Card,West
5421,1/29/2023,CUST_8518,2511,1,65432.49,Net Banking,Central
5422,3/21/2022,CUST_5215,2040,3,61891.4,UPI,North
5423,6/28/2023,CUST_4050,2784,4,18391.54,Credit Card,North
5424,6/30/2023,CUST_1230,2736,8,51805.8,Debit Card,South
5425,4/29/2022,CUST_6523,2983,9,71822.72,Net Banking,Central
5426,1/13/2023,CUST_5833,2993,3,97352.83,Debit Card,East
5427,7/23/2021,CUST_4164,2705,6,20939.22,Credit Card,East
5428,11/5/2024,CUST_3875,3029,5,1944.79,UPI,West
5429,1/23/2023,CUST_7643,2659,6,8454.84,UPI,West
5430,1/21/2024,CUST_8007,2796,4,38209.39,Debit Card,South
5431,8/13/2024,CUST_9442,2554,6,82233.92,Credit Card,North
5432,1/5/2023,CUST_6372,2369,7,1707.07,Debit Card,East
5433,5/5/2021,CUST_2421,2054,9,46216.33,Cash,East
5434,3/27/2023,CUST_7567,2654,7,33593.83,UPI,East
5435,7/20/2022,CUST_2562,2449,6,6195.69,Net Banking,East
5436,1/24/2022,CUST_4027,2061,1,45573.39,Net Banking,South
5437,9/8/2021,CUST_3303,2576,2,26220.12,Net Banking,Central
5438,7/21/2023,CUST_8822,2120,1,35836.6,Credit Card,East
5439,7/7/2021,CUST_6301,2967,9,70855.92,Credit Card,North
5440,9/19/2024,CUST_5064,2733,9,52633.55,UPI,East
5441,3/11/2022,CUST_1111,2477,7,13340.1,Credit Card,West
5442,8/7/2024,CUST_5272,2327,2,96180.04,Cash,North
5443,8/2/2024,CUST_7284,2206,6,63955.17,UPI,Central
5444,5/7/2024,CUST_4858,2508,4,76820.97,UPI,East
5445,2/13/2021,CUST_8319,2494,1,8842.1,Cash,South
5446,4/14/2021,CUST_5374,2546,1,5658.78,Cash,South
5447,11/15/2022,CUST_6400,2115,5,2925.36,Cash,East
5448,5/14/2022,CUST_5947,2450,2,19690.61,Debit Card,West
5449,9/15/2021,CUST_1187,2796,4,42026.43,Net Banking,South
5450,3/2/2024,CUST_5285,2727,1,93646.79,Net Banking,North
5451,2/25/2022,CUST_6890,2356,4,46248.91,UPI,West
5452,5/21/2021,CUST_4871,2361,6,29735.26,Cash,Central
5453,2/10/2024,CUST_2017,2485,4,56631.59,Credit Card,Central
5454,3/1/2022,CUST_2936,2652,1,12081.52,Cash,South
5455,4/15/2024,CUST_8625,2735,7,61341.08,UPI,West
5456,3/19/2022,CUST_6026,2058,2,57274.76,Net Banking,South
5457,4/23/2022,CUST_3616,2721,9,79407.31,Debit Card,Central
5458,11/4/2022,CUST_7642,2292,3,98682.07,Cash,South
5459,10/30/2021,CUST_9233,2386,8,25836.47,Net Banking,West
5460,5/5/2024,CUST_6095,3009,8,51455.99,UPI,East
5461,1/6/2021,CUST_2923,2633,3,90977.68,UPI,Central
5462,7/22/2022,CUST_5833,2360,4,78733.8,Net Banking,East
5463,10/24/2021,CUST_7021,3005,2,49253.22,Net Banking,West
5464,9/24/2021,CUST_4618,2078,4,94591.79,Cash,Central
5465,1/12/2024,CUST_4590,2185,9,6666.43,Credit Card,South
5466,5/29/2022,CUST_3188,2116,2,93168.86,Cash,South
5467,12/24/2021,CUST_8834,2477,3,6000.23,Debit Card,South
5468,8/14/2021,CUST_3509,2449,4,55183.17,Net Banking,Central
5469,9/15/2024,CUST_8454,2041,5,89153.65,Debit Card,Central
5470,2/22/2021,CUST_7121,2979,1,27009.37,Debit Card,South
5471,9/27/2021,CUST_7813,2002,7,47752.6,Credit Card,South
5472,1/31/2021,CUST_9998,2680,7,33108.56,Cash,East
5473,1/4/2023,CUST_8714,2413,9,95262.25,UPI,Central
5474,5/3/2022,CUST_9806,2268,4,82540.91,Debit Card,South
5475,4/20/2024,CUST_4578,2698,6,71191.15,Debit Card,West
5476,10/26/2022,CUST_5054,2364,2,59175.07,Debit Card,South
5477,2/2/2021,CUST_2341,2663,4,82238.59,Debit Card,Central
5478,12/23/2021,CUST_9609,2122,2,39834.44,UPI,South
5479,6/28/2022,CUST_8319,2045,5,45307.63,Cash,East
5480,4/18/2021,CUST_9653,2303,7,73270.17,Credit Card,North
5481,9/17/2021,CUST_6927,2291,1,36417.72,Debit Card,Central
5482,5/13/2023,CUST_2279,2228,7,7326.19,Net Banking,Central
5483,12/14/2023,CUST_2838,2748,6,8359.13,UPI,North
5484,8/21/2021,CUST_2011,2149,6,12420.92,Credit Card,South
5485,5/11/2021,CUST_9972,2766,8,87098.45,Net Banking,East
5486,9/3/2023,CUST_9281,2811,8,47750.42,Net Banking,South
5487,7/8/2023,CUST_4312,2207,6,71575.35,Net Banking,North
5488,1/12/2023,CUST_9792,2690,3,39898.02,Debit Card,East
5489,11/18/2023,CUST_3455,2619,5,26612.38,Cash,West
5490,4/30/2024,CUST_3695,2661,2,35372.02,Debit Card,West
5491,8/12/2021,CUST_6375,2280,5,79624.05,Net Banking,East
5492,7/15/2023,CUST_9525,2323,9,62896.4,Credit Card,West
5493,10/29/2023,CUST_8239,2895,1,93826.34,Debit Card,East
5494,3/30/2022,CUST_2904,2998,5,68290.77,Credit Card,South
5495,6/13/2024,CUST_4365,2650,6,57447.98,Debit Card,South
5496,3/30/2021,CUST_9008,2357,7,61409.4,Cash,North
5497,9/11/2024,CUST_2489,2731,9,94294.77,Cash,South
5498,12/4/2023,CUST_9361,2458,6,79031.89,Debit Card,South
5499,9/10/2022,CUST_8298,2360,5,3380.08,Debit Card,North
5500,7/28/2023,CUST_1911,2775,7,53879.83,Cash,Central
5501,8/10/2024,CUST_8429,2629,1,69145.5,Credit Card,Central
5502,3/5/2021,CUST_3161,2604,5,75121.15,Cash,East
5503,5/5/2021,CUST_9409,2261,2,22101.07,Debit Card,Central
5504,9/8/2023,CUST_7806,2364,4,86850.56,Credit Card,Central
5505,4/3/2023,CUST_8484,2004,7,95628.47,Debit Card,Central
5506,5/24/2023,CUST_1945,2802,5,24434.82,UPI,South
5507,11/6/2024,CUST_8575,2067,6,88378.93,Debit Card,Central
5508,8/10/2021,CUST_6049,2373,2,10600.9,Cash,South
5509,10/2/2023,CUST_1356,2652,3,6514.98,Net Banking,South
5510,12/29/2024,CUST_7487,2453,7,13793.16,Cash,North
5511,6/28/2023,CUST_5169,2214,2,6716.37,Cash,East
5512,5/31/2021,CUST_1049,3017,6,84656.21,Credit Card,North
5513,6/15/2021,CUST_4570,2289,5,6845.96,UPI,West
5514,10/22/2022,CUST_2196,2679,1,27894.75,Credit Card,South
5515,5/30/2024,CUST_1742,2160,4,11271.88,Debit Card,Central
5516,10/31/2021,CUST_7941,2488,2,30246.78,Net Banking,Central
5517,5/15/2021,CUST_6644,2711,4,9965.39,Cash,West
5518,9/16/2021,CUST_2044,2655,1,67132.32,Net Banking,East
5519,7/18/2022,CUST_9866,2344,2,14199.35,Net Banking,South
5520,7/2/2024,CUST_1987,2182,8,85332.75,Debit Card,West
5521,7/20/2024,CUST_2130,2688,6,81901.91,Debit Card,West
5522,4/13/2024,CUST_8734,2915,2,2352.51,Net Banking,West
5523,1/29/2024,CUST_1519,2024,6,89676.91,Cash,South
5524,12/29/2024,CUST_5703,2544,9,3865.49,Debit Card,South
5525,10/28/2022,CUST_7698,2430,7,24724.93,Cash,South
5526,2/20/2023,CUST_3948,2512,9,4206.52,Debit Card,South
5527,5/8/2024,CUST_3218,2139,5,34248.51,Cash,North
5528,12/23/2023,CUST_7887,2718,7,51872.79,Cash,West
5529,8/27/2022,CUST_7135,2526,7,79867.84,UPI,North
5530,7/19/2023,CUST_7266,2222,3,34460.17,Debit Card,East
5531,11/2/2023,CUST_8348,2003,7,70843.51,UPI,West
5532,5/24/2024,CUST_7184,2099,1,19562.94,Net Banking,South
5533,6/1/2023,CUST_7154,2791,9,75309.25,Cash,South
5534,7/23/2021,CUST_2314,2898,6,24363.66,Cash,South
5535,12/8/2024,CUST_9835,2860,5,15210.93,Credit Card,North
5536,8/23/2021,CUST_3178,2341,7,19355.48,Debit Card,South
5537,9/2/2024,CUST_6697,2848,5,19024.25,Net Banking,West
5538,8/26/2024,CUST_2943,3010,5,51773.43,Net Banking,Central
5539,2/4/2024,CUST_3924,2776,7,84634.96,Debit Card,West
5540,3/17/2022,CUST_9802,2720,7,8880.9,Credit Card,East
5541,5/31/2023,CUST_7439,2769,3,70988.68,Credit Card,West
5542,7/14/2023,CUST_9664,2208,3,65780.3,Debit Card,South
5543,4/13/2022,CUST_3086,2982,3,87379.48,Cash,West
5544,4/28/2023,CUST_4648,2462,6,25170.61,Cash,West
5545,11/26/2022,CUST_1056,2334,6,45560.88,Net Banking,North
5546,7/18/2023,CUST_1372,2925,3,92656.91,Debit Card,Central
5547,3/28/2023,CUST_5888,2151,3,66339.35,Cash,West
5548,5/2/2023,CUST_8585,2069,8,39488.07,Credit Card,East
5549,7/14/2021,CUST_9920,2604,8,14009.83,Debit Card,West
5550,10/3/2022,CUST_7948,2042,7,26986.02,Net Banking,Central
5551,5/25/2023,CUST_9715,2653,4,58540.33,Cash,Central
5552,10/3/2022,CUST_7214,2535,4,72098.63,Cash,Central
5553,9/24/2024,CUST_4762,2215,3,13317.77,Credit Card,Central
5554,6/7/2022,CUST_5055,2152,5,60360.13,Cash,Central
5555,2/6/2023,CUST_8546,2701,3,55484.78,Cash,North
5556,11/9/2021,CUST_6671,2349,8,51881.59,Credit Card,Central
5557,11/7/2024,CUST_3541,2769,7,69322.19,Credit Card,North
5558,8/30/2023,CUST_5516,2330,3,83907.51,Net Banking,West
5559,5/18/2021,CUST_4088,2154,9,32975.98,Debit Card,West
5560,7/6/2021,CUST_2848,2191,5,89012.21,Cash,North
5561,6/24/2021,CUST_1527,2693,9,16902.73,Cash,South
5562,7/10/2021,CUST_7868,2989,7,18129.36,Credit Card,Central
5563,6/4/2023,CUST_1256,2064,7,27410.43,Net Banking,Central
5564,7/17/2021,CUST_4943,2884,6,12833.56,Cash,West
5565,2/3/2023,CUST_4376,2338,2,23801.6,Net Banking,North
5566,9/24/2021,CUST_2102,2890,9,11534.76,UPI,Central
5567,2/14/2024,CUST_2653,2322,6,82353.49,Credit Card,West
5568,5/3/2021,CUST_1550,2110,8,14757.93,Cash,Central
5569,4/16/2024,CUST_8314,2208,1,74982.46,Net Banking,North
5570,2/25/2024,CUST_1797,2679,5,5743.47,Debit Card,South
5571,2/25/2024,CUST_5009,2421,1,94903.51,Net Banking,East
5572,11/7/2022,CUST_1724,2390,8,71404.85,Net Banking,West
5573,10/4/2024,CUST_7590,2839,8,1672.86,UPI,West
5574,9/8/2021,CUST_8191,2544,1,76621.79,Cash,East
5575,4/22/2023,CUST_4839,2577,9,51894.11,Cash,East
5576,12/26/2022,CUST_9843,2610,2,78157.15,Credit Card,West
5577,9/24/2024,CUST_4559,2487,9,52727.18,Net Banking,South
5578,5/17/2023,CUST_1924,2197,1,64461.46,Debit Card,West
5579,4/16/2021,CUST_3295,2102,9,78846.83,UPI,East
5580,8/13/2022,CUST_9255,2805,4,41105.7,Net Banking,Central
5581,5/14/2024,CUST_5739,3006,9,1268.11,Debit Card,North
5582,10/2/2022,CUST_4836,2315,7,85144.7,Credit Card,Central
5583,12/22/2022,CUST_6224,2112,6,38708.15,UPI,South
5584,8/1/2021,CUST_6253,2739,5,50108.23,Cash,West
5585,3/29/2024,CUST_4881,2008,9,1768.9,Cash,West
5586,11/6/2023,CUST_5944,2876,2,49717.11,Net Banking,North
5587,3/12/2022,CUST_3347,2180,2,98662.25,UPI,Central
5588,11/13/2021,CUST_9540,2604,9,28548.5,Debit Card,North
5589,9/6/2024,CUST_4621,2984,3,40146.41,Credit Card,South
5590,9/15/2023,CUST_7775,2409,8,69031.81,Credit Card,Central
5591,4/5/2022,CUST_5923,2199,9,81664.57,Cash,Central
5592,8/10/2021,CUST_5508,2053,8,42321.77,Cash,South
5593,12/19/2022,CUST_1998,2424,4,31657.22,Credit Card,West
5594,2/14/2024,CUST_3869,2350,1,93844.75,Cash,West
5595,1/23/2023,CUST_7999,2598,4,68037.35,Credit Card,East
5596,8/24/2021,CUST_9120,2168,9,12783.11,Net Banking,West
5597,7/25/2022,CUST_1768,2970,2,7823.86,Debit Card,North
5598,3/21/2024,CUST_6642,2237,3,48871.44,UPI,South
5599,4/9/2022,CUST_7244,2632,8,22788.92,Net Banking,West
5600,5/29/2023,CUST_9592,2815,6,26144.49,UPI,Central
5601,2/23/2024,CUST_6222,2965,8,87891.53,Credit Card,South
5602,6/27/2024,CUST_7821,3002,7,9867.04,Debit Card,West
5603,6/10/2024,CUST_7688,2543,5,71821.05,Net Banking,North
5604,10/14/2024,CUST_3444,2187,9,27843.08,Cash,East
5605,8/9/2024,CUST_5913,2794,4,76272.49,UPI,East
5606,2/15/2024,CUST_7167,2379,6,72518.73,UPI,South
5607,2/23/2021,CUST_4012,2760,2,1731.8,Cash,North
5608,6/1/2024,CUST_9813,2782,2,51404.41,Net Banking,North
5609,9/9/2024,CUST_8758,2757,2,14792.63,Cash,North
5610,11/21/2024,CUST_4948,2383,7,86756.48,UPI,West
5611,7/2/2022,CUST_4692,2913,2,87287,Cash,East
5612,3/1/2021,CUST_5927,2092,2,42416.23,UPI,North
5613,1/5/2022,CUST_3365,2540,9,44995.17,Net Banking,Central
5614,7/14/2022,CUST_8586,2901,7,31025.01,Debit Card,West
5615,12/10/2024,CUST_1944,2953,3,71944.02,Net Banking,Central
5616,9/25/2022,CUST_7761,2540,3,36507.47,Cash,Central
5617,11/27/2022,CUST_7824,2464,7,27511.45,Cash,South
5618,12/20/2022,CUST_9683,2551,5,43790.87,Net Banking,West
5619,1/13/2021,CUST_3196,2127,6,10057.26,Debit Card,Central
5620,1/7/2022,CUST_7363,2310,8,74913.72,UPI,West
5621,10/21/2021,CUST_4978,2199,9,2247.04,Cash,North
5622,3/5/2024,CUST_5177,2176,1,64804.02,Cash,South
5623,9/8/2024,CUST_4331,2705,3,19103.59,Net Banking,East
5624,4/1/2023,CUST_6411,2848,7,24008,UPI,Central
5625,5/23/2021,CUST_2295,2466,6,63927.57,UPI,South
5626,10/18/2021,CUST_8369,2125,7,99301.4,Cash,South
5627,7/20/2024,CUST_7079,2793,8,77994.03,UPI,South
5628,3/4/2021,CUST_2514,2858,6,23358.12,Net Banking,South
5629,7/7/2021,CUST_9775,2973,3,18426.45,Debit Card,North
5630,12/23/2023,CUST_4120,2483,2,86757.05,Credit Card,West
5631,3/17/2022,CUST_1844,2976,7,44974.21,Debit Card,East
5632,2/10/2023,CUST_5398,2613,1,14568.23,Net Banking,East
5633,5/10/2023,CUST_7179,2162,3,86358.93,Debit Card,West
5634,7/19/2023,CUST_1647,2809,4,81793.14,Credit Card,East
5635,11/30/2022,CUST_2192,2072,1,98406.73,Debit Card,South
5636,11/19/2021,CUST_4082,3029,5,91064.62,Cash,North
5637,1/28/2023,CUST_4555,2302,3,85327.24,Net Banking,South
5638,10/1/2022,CUST_8854,2247,2,6204.87,UPI,South
5639,10/27/2022,CUST_4422,2920,3,11337.12,Cash,North
5640,3/8/2024,CUST_6455,2355,8,57329.34,Cash,Central
5641,5/6/2024,CUST_5967,2343,6,53616.45,Credit Card,East
5642,6/23/2021,CUST_1251,2434,7,46338.36,Debit Card,North
5643,4/18/2021,CUST_4470,2395,6,40282.14,Net Banking,West
5644,11/15/2021,CUST_4113,2259,6,43689.84,Credit Card,West
5645,11/19/2021,CUST_2922,2088,3,57360.5,Credit Card,West
5646,6/19/2024,CUST_8846,2868,8,1205.58,Debit Card,Central
5647,4/12/2021,CUST_4974,2161,7,26810.17,Net Banking,North
5648,10/12/2024,CUST_4350,2892,7,52309.69,Cash,Central
5649,6/17/2021,CUST_7498,2414,6,72499.39,Net Banking,West
5650,7/12/2022,CUST_4921,2303,5,18241.51,Credit Card,South
5651,6/27/2023,CUST_6269,2529,8,55141.24,Credit Card,South
5652,9/17/2024,CUST_5637,2655,5,71731.51,UPI,Central
5653,5/19/2023,CUST_7236,2138,9,45018.14,Debit Card,West
5654,9/22/2023,CUST_8639,2179,9,3681.03,UPI,West
5655,5/28/2024,CUST_9743,2795,1,45477.55,Credit Card,West
5656,6/25/2023,CUST_6886,2814,6,30348.04,Cash,West
5657,4/29/2023,CUST_6053,2668,7,93035.31,Credit Card,North
5658,7/14/2022,CUST_5285,2566,3,13336.73,Net Banking,Central
5659,3/18/2022,CUST_6892,2939,7,65595.12,Net Banking,Central
5660,11/16/2023,CUST_9401,2026,7,6219.26,Cash,North
5661,8/22/2021,CUST_9147,2860,2,45170.87,Cash,South
5662,12/8/2022,CUST_8635,2231,7,55843.97,UPI,Central
5663,5/31/2023,CUST_2615,2849,1,30497.54,Cash,East
5664,8/16/2021,CUST_8692,2307,5,46052.49,Credit Card,Central
5665,8/4/2022,CUST_6246,2304,9,17191.83,Debit Card,Central
5666,10/20/2024,CUST_4328,2206,7,31108.26,Net Banking,South
5667,10/21/2024,CUST_7073,2217,7,62489.53,Net Banking,North
5668,4/29/2024,CUST_6126,2207,2,30878.21,Credit Card,South
5669,9/24/2023,CUST_7781,2586,8,90074.56,Debit Card,South
5670,12/16/2023,CUST_1749,2705,3,63212.29,Cash,North
5671,9/28/2024,CUST_4625,2842,8,44426.25,UPI,East
5672,9/24/2022,CUST_3390,2541,3,4836.94,Debit Card,North
5673,4/4/2021,CUST_1265,2785,7,50455.29,Credit Card,South
5674,3/28/2022,CUST_5272,2995,2,76712.85,Cash,North
5675,3/21/2023,CUST_7841,2969,4,27290.2,Cash,Central
5676,5/12/2024,CUST_5836,2077,6,80870.58,Cash,Central
5677,4/23/2021,CUST_3497,2353,9,25928.87,Debit Card,East
5678,1/16/2021,CUST_4214,2565,5,82550.89,Cash,East
5679,2/23/2022,CUST_6404,2826,9,9441.57,Debit Card,North
5680,9/10/2022,CUST_4768,2295,5,86752.19,Credit Card,North
5681,3/9/2022,CUST_7223,2823,8,50419.46,UPI,North
5682,10/9/2021,CUST_5026,2080,1,30357.22,Debit Card,West
5683,6/8/2022,CUST_9180,2811,7,27246.21,Credit Card,South
5684,8/16/2022,CUST_6530,2679,4,43769.05,Debit Card,South
5685,11/3/2022,CUST_5216,2487,5,99905.9,Credit Card,East
5686,9/3/2021,CUST_9005,2101,6,22812.41,UPI,Central
5687,1/16/2021,CUST_9037,2974,5,11218.45,Net Banking,Central
5688,10/16/2023,CUST_8550,2551,1,58918.48,UPI,Central
5689,6/1/2023,CUST_3756,2763,9,49365.7,Net Banking,Central
5690,12/26/2021,CUST_6770,2042,2,52895.43,Net Banking,South
5691,9/22/2021,CUST_3773,2692,9,67026.61,Cash,West
5692,2/18/2023,CUST_3293,2621,2,27447.26,Debit Card,Central
5693,12/27/2023,CUST_9954,2637,9,91155.83,Cash,East
5694,12/12/2024,CUST_9000,2575,6,44131.53,Credit Card,North
5695,4/17/2022,CUST_4015,3007,9,13779.53,Credit Card,North
5696,10/22/2023,CUST_9882,2202,6,74487.58,Credit Card,East
5697,2/19/2024,CUST_1962,2467,6,64667.33,Cash,East
5698,9/30/2024,CUST_9584,2276,2,32258.6,UPI,East
5699,12/27/2022,CUST_1554,2616,8,62530.35,Cash,West
5700,5/28/2021,CUST_2217,2908,3,22766.33,Cash,North
5701,3/25/2023,CUST_1794,2658,7,45039.1,UPI,West
5702,3/28/2021,CUST_1104,2552,5,90041.84,UPI,Central
5703,6/13/2023,CUST_7756,2854,3,14219.89,UPI,North
5704,2/8/2021,CUST_3252,2183,1,39282.95,Debit Card,East
5705,7/31/2023,CUST_4791,2385,8,82293.1,Cash,West
5706,6/9/2021,CUST_2113,2905,3,96979.6,Debit Card,South
5707,10/4/2022,CUST_3474,2433,2,45938.69,Net Banking,North
5708,3/25/2024,CUST_1149,2834,1,51192.96,Net Banking,East
5709,5/30/2023,CUST_4583,2993,4,57645.02,Cash,East
5710,3/20/2024,CUST_9285,2766,8,93302.47,Credit Card,Central
5711,4/9/2023,CUST_8471,2116,3,85962.47,UPI,West
5712,12/24/2024,CUST_7114,2326,1,17889.51,Debit Card,Central
5713,8/4/2024,CUST_1990,2135,4,44239.02,Net Banking,South
5714,5/6/2023,CUST_8916,2638,9,46936.04,Cash,South
5715,8/16/2022,CUST_8993,3038,1,79120.52,Credit Card,Central
5716,8/24/2021,CUST_1257,2827,2,60686.4,Cash,North
5717,4/10/2023,CUST_1108,2278,9,65767.83,Credit Card,North
5718,2/12/2021,CUST_9719,2060,2,99821.79,Cash,Central
5719,10/28/2022,CUST_7739,2356,3,8421.04,UPI,Central
5720,12/18/2021,CUST_1194,2395,7,23077.97,UPI,North
5721,6/19/2024,CUST_1274,2412,3,41381.7,Credit Card,West
5722,8/1/2023,CUST_9673,2119,9,35430.46,Cash,Central
5723,11/13/2024,CUST_5501,2511,6,3142.91,UPI,East
5724,1/12/2023,CUST_9777,2068,3,10085.98,Cash,West
5725,6/30/2021,CUST_5697,2935,9,68414.38,Cash,Central
5726,6/14/2023,CUST_1280,2104,1,88053.12,UPI,East
5727,8/5/2021,CUST_9228,2739,3,51908.47,Net Banking,East
5728,5/14/2022,CUST_8054,2408,1,54379.92,Net Banking,Central
5729,6/12/2023,CUST_3937,2562,2,26254.25,Cash,Central
5730,4/21/2024,CUST_2753,2755,8,77019.76,Net Banking,Central
5731,4/1/2023,CUST_2578,2951,7,75427.66,Debit Card,East
5732,12/10/2023,CUST_9591,3035,2,59248.2,UPI,South
5733,6/11/2021,CUST_3439,2813,2,22053.76,Net Banking,Central
5734,3/22/2023,CUST_4948,2254,9,10604.8,Net Banking,Central
5735,9/28/2022,CUST_4144,2063,6,7359.62,Cash,West
5736,11/27/2022,CUST_9625,2496,5,59676.91,Credit Card,Central
5737,3/30/2022,CUST_5135,2763,6,82678.5,Net Banking,West
5738,11/14/2022,CUST_6807,3002,9,85974.71,Credit Card,West
5739,12/11/2021,CUST_5379,2914,7,46898.59,UPI,South
5740,6/6/2021,CUST_7502,2364,9,78642.86,Credit Card,Central
5741,11/12/2023,CUST_2294,2972,4,94741.14,Net Banking,South
5742,7/20/2024,CUST_7112,2717,2,28241.84,Debit Card,East
5743,8/22/2021,CUST_7652,2706,8,40398.07,Debit Card,South
5744,12/23/2023,CUST_8520,2335,4,93216.42,UPI,North
5745,11/11/2023,CUST_4984,2530,9,34484.87,Net Banking,North
5746,2/2/2022,CUST_4700,2186,4,91473.75,UPI,North
5747,12/17/2022,CUST_5914,2584,8,98123.44,Cash,West
5748,12/21/2022,CUST_2320,2057,9,66519.26,Cash,North
5749,8/14/2024,CUST_1519,2792,9,81872.14,Credit Card,South
5750,10/30/2021,CUST_2531,2102,4,75205.01,UPI,Central
5751,4/29/2022,CUST_7640,2334,1,70253.89,Debit Card,West
5752,7/30/2021,CUST_7213,2439,3,31386.18,UPI,West
5753,10/27/2021,CUST_7179,2454,9,6652.34,Credit Card,North
5754,6/9/2022,CUST_8798,2462,4,34962.12,Net Banking,East
5755,2/9/2022,CUST_1919,2424,5,67026.66,UPI,East
5756,12/22/2021,CUST_1154,2552,7,11150.39,Credit Card,Central
5757,5/18/2024,CUST_3807,2839,5,2179.88,Cash,South
5758,11/10/2021,CUST_2354,2042,4,14829.54,Debit Card,North
5759,9/4/2024,CUST_9189,2019,2,71857.86,Net Banking,South
5760,6/4/2021,CUST_8109,2971,2,97306.58,UPI,East
5761,12/29/2021,CUST_6427,2271,4,98323.41,UPI,East
5762,7/10/2024,CUST_2562,2355,9,49903.94,Debit Card,North
5763,10/9/2023,CUST_9653,2018,8,87065.88,Cash,East
5764,8/9/2023,CUST_1697,2459,3,73945.82,UPI,East
5765,2/29/2024,CUST_4764,2517,9,50602.98,Debit Card,Central
5766,4/1/2024,CUST_4463,2626,5,57703.29,Debit Card,Central
5767,7/9/2023,CUST_8790,2564,3,14585.49,Net Banking,East
5768,10/26/2024,CUST_5441,2868,5,93828.48,Debit Card,North
5769,3/2/2024,CUST_1762,2772,4,35841.05,Debit Card,North
5770,8/9/2024,CUST_2218,2715,8,45168.78,Debit Card,East
5771,7/25/2024,CUST_5593,2941,5,67494.36,UPI,East
5772,7/3/2024,CUST_9897,2517,8,34056.34,Debit Card,West
5773,10/24/2022,CUST_1539,2447,9,26171.66,Debit Card,Central
5774,7/8/2024,CUST_3938,2956,4,63473.89,Debit Card,Central
5775,10/10/2022,CUST_6152,2619,7,3473.42,Debit Card,North
5776,11/6/2021,CUST_1256,2814,2,72351.79,Cash,South
5777,6/20/2023,CUST_4394,2210,6,51888.31,UPI,South
5778,5/20/2021,CUST_3362,2016,8,60969.62,Debit Card,East
5779,8/19/2023,CUST_7525,3048,7,63556.14,Credit Card,East
5780,6/25/2023,CUST_2260,2767,7,53177.97,Credit Card,West
5781,7/17/2024,CUST_5903,2579,8,58670.84,Credit Card,West
5782,9/13/2022,CUST_3661,2612,7,68695.03,Net Banking,North
5783,7/17/2022,CUST_4939,2222,5,75558.77,Cash,South
5784,4/26/2024,CUST_7375,2987,7,73017.79,Credit Card,West
5785,4/26/2021,CUST_9856,2131,3,87092.03,Cash,South
5786,12/22/2022,CUST_6435,2689,5,19754.9,Credit Card,West
5787,11/6/2023,CUST_7288,2567,7,40713.65,Net Banking,Central
5788,6/1/2021,CUST_3292,2666,9,94831.81,UPI,East
5789,9/28/2022,CUST_2284,2568,2,40262.47,Cash,West
5790,8/4/2023,CUST_9204,2535,4,13362.14,UPI,West
5791,7/15/2023,CUST_6666,2612,7,53019.07,Net Banking,North
5792,3/19/2021,CUST_1879,2386,1,11839.61,Cash,Central
5793,4/27/2021,CUST_2600,2308,2,21082.47,UPI,East
5794,1/26/2023,CUST_8161,2493,9,99833.56,Net Banking,Central
5795,8/11/2022,CUST_4803,2117,7,54594.9,Debit Card,East
5796,6/7/2021,CUST_2245,2828,7,29121.78,Cash,Central
5797,8/13/2024,CUST_6580,2655,6,99482.72,UPI,Central
5798,7/4/2021,CUST_7499,2287,3,96689.33,Net Banking,North
5799,6/13/2024,CUST_6347,2053,3,44633.17,Debit Card,South
5800,5/1/2024,CUST_1485,3019,2,26779.91,Cash,Central
5801,11/5/2023,CUST_5478,2606,6,84001.56,Debit Card,East
5802,2/27/2023,CUST_8381,2532,4,71846.45,Credit Card,East
5803,8/6/2023,CUST_9038,2858,5,69007.2,Cash,North
5804,4/3/2024,CUST_4737,2829,3,89418.26,Net Banking,South
5805,2/10/2024,CUST_6829,2796,6,69252.3,Net Banking,East
5806,3/26/2021,CUST_7150,2073,3,29096,Cash,North
5807,7/11/2023,CUST_8075,2389,8,69692.45,Credit Card,East
5808,3/16/2024,CUST_4043,2703,9,31275.54,Cash,West
5809,8/27/2024,CUST_7227,2456,4,76164.66,UPI,Central
5810,1/21/2022,CUST_2404,2975,9,62355.04,Net Banking,South
5811,10/21/2022,CUST_5839,2735,7,8663.74,Debit Card,Central
5812,5/24/2024,CUST_5037,3039,3,51770.7,Net Banking,Central
5813,9/2/2023,CUST_2204,2615,7,34986.8,Credit Card,West
5814,10/24/2023,CUST_2344,2349,1,33528.49,Cash,South
5815,11/5/2021,CUST_5390,2371,3,60623.37,Net Banking,Central
5816,5/7/2021,CUST_3526,2602,6,32910.16,UPI,North
5817,7/12/2023,CUST_7225,2200,4,77912.48,Credit Card,East
5818,7/31/2021,CUST_3527,2965,7,8008.35,Credit Card,East
5819,12/5/2022,CUST_7383,2263,3,66378.44,Debit Card,North
5820,6/22/2021,CUST_6188,2530,1,81110.29,Net Banking,East
5821,10/31/2023,CUST_6909,2375,9,67610.34,Cash,West
5822,8/16/2024,CUST_2745,2688,6,50225.69,Credit Card,North
5823,12/20/2021,CUST_2499,2183,8,95080.39,UPI,West
5824,3/22/2021,CUST_1085,2456,3,30693.91,UPI,South
5825,5/23/2022,CUST_6050,2728,8,2897.62,Cash,East
5826,12/20/2024,CUST_8286,2458,2,43766.95,UPI,West
5827,6/16/2023,CUST_6896,2629,4,4268.18,Debit Card,East
5828,6/19/2023,CUST_5419,2862,3,95439.74,Cash,South
5829,12/10/2023,CUST_2674,2679,1,21781.89,UPI,Central
5830,12/7/2023,CUST_3170,2762,7,79103.78,Debit Card,East
5831,6/2/2024,CUST_2430,2534,2,77682.64,UPI,South
5832,11/22/2021,CUST_4070,2603,4,22555.16,Net Banking,North
5833,1/16/2023,CUST_8061,2950,9,62501.43,Cash,East
5834,2/3/2023,CUST_8353,2242,6,5759.82,UPI,North
5835,8/3/2022,CUST_9395,2964,8,48873.88,UPI,South
5836,3/5/2023,CUST_7685,2110,2,2450.07,Debit Card,North
5837,4/18/2023,CUST_2692,2146,7,92193.24,Net Banking,West
5838,11/24/2022,CUST_1430,2968,6,97632.52,Net Banking,Central
5839,10/22/2024,CUST_2468,2399,9,23005.99,Debit Card,North
5840,5/9/2024,CUST_6798,3025,7,21602.5,Net Banking,West
5841,4/18/2021,CUST_2524,2246,1,75618.3,UPI,Central
5842,7/16/2024,CUST_6315,2782,8,26084.56,UPI,South
5843,8/18/2024,CUST_7311,2612,3,89612.58,Net Banking,South
5844,11/17/2022,CUST_1202,2847,2,57818.98,UPI,East
5845,5/15/2021,CUST_5781,2111,3,35726.98,Net Banking,West
5846,11/7/2022,CUST_7779,2309,6,83436.68,Debit Card,Central
5847,7/13/2021,CUST_7353,2282,3,49847.26,Cash,East
5848,2/17/2024,CUST_2387,2411,5,91251.66,Debit Card,East
5849,10/21/2024,CUST_4977,2702,6,92873.41,Cash,South
5850,3/3/2023,CUST_9537,2839,8,17376.6,Debit Card,North
5851,8/5/2022,CUST_3778,2938,7,1230.02,Credit Card,Central
5852,6/1/2022,CUST_7237,2294,8,98409.16,UPI,South
5853,9/6/2024,CUST_3777,2648,3,90707.62,Debit Card,South
5854,5/19/2024,CUST_3274,2370,4,6489.08,Cash,North
5855,11/4/2021,CUST_5405,2166,6,83470.39,Net Banking,West
5856,11/14/2022,CUST_5933,2999,7,46322.69,Net Banking,West
5857,6/16/2021,CUST_5397,2682,9,26637.2,Debit Card,Central
5858,4/8/2024,CUST_9079,2363,1,87995.91,Debit Card,North
5859,9/21/2024,CUST_3390,2642,8,20470.06,Debit Card,North
5860,10/17/2021,CUST_2036,2119,8,94782.7,Net Banking,East
5861,12/18/2022,CUST_3739,2010,6,21356.53,Credit Card,North
5862,9/28/2022,CUST_8121,2926,4,61754.64,Debit Card,Central
5863,9/5/2024,CUST_5521,2561,3,23085.55,Net Banking,North
5864,12/1/2024,CUST_7899,2429,3,55021.2,Net Banking,East
5865,9/18/2024,CUST_5911,2346,6,68713.54,Debit Card,West
5866,3/14/2023,CUST_8933,2325,8,19832.57,Cash,North
5867,9/22/2021,CUST_2260,3003,7,52567.69,Cash,North
5868,5/3/2024,CUST_6916,2181,1,47436.91,UPI,Central
5869,12/22/2024,CUST_5123,2266,6,8032.7,Net Banking,East
5870,6/23/2021,CUST_5040,2889,7,82012.47,UPI,North
5871,9/27/2022,CUST_9123,2880,7,34232.56,UPI,Central
5872,2/19/2024,CUST_4203,2827,9,57883.64,Cash,East
5873,2/11/2023,CUST_8501,2879,5,51963.64,Cash,South
5874,8/10/2024,CUST_2752,2978,1,51812.79,Credit Card,East
5875,11/4/2022,CUST_3219,2786,2,11615.02,Net Banking,South
5876,9/19/2021,CUST_5991,2010,4,42924.72,Credit Card,South
5877,10/4/2024,CUST_1110,2078,5,45784.31,Debit Card,East
5878,12/10/2024,CUST_7483,2409,9,73630.64,Credit Card,East
5879,11/4/2024,CUST_6443,2765,1,84161.86,Debit Card,Central
5880,12/15/2023,CUST_7224,2029,3,54953.25,UPI,East
5881,7/11/2021,CUST_6399,2660,5,9591.51,Net Banking,West
5882,8/16/2024,CUST_8212,2391,3,24448.1,Credit Card,North
5883,10/5/2024,CUST_6484,2037,4,17328.47,Net Banking,East
5884,5/18/2023,CUST_8055,2009,3,13336.89,UPI,South
5885,11/8/2023,CUST_3230,2510,4,37224.03,UPI,South
5886,1/12/2023,CUST_5922,2464,1,23709.96,UPI,East
5887,2/7/2021,CUST_6253,2706,8,22612.01,UPI,North
5888,1/13/2023,CUST_4290,2640,4,6414.62,Cash,North
5889,9/25/2022,CUST_8848,2265,7,2749.33,Cash,Central
5890,1/5/2022,CUST_6147,2211,2,11174.06,UPI,Central
5891,3/15/2022,CUST_3910,2786,2,18047.55,UPI,Central
5892,12/1/2022,CUST_7524,3031,6,43667.39,Credit Card,North
5893,9/23/2023,CUST_6228,2627,2,51541.51,Net Banking,South
5894,1/29/2022,CUST_5775,2343,6,14918.6,Credit Card,Central
5895,4/9/2022,CUST_9044,2134,2,43053.55,UPI,East
5896,10/9/2021,CUST_4971,2094,4,34833.14,Cash,Central
5897,11/14/2021,CUST_6339,2611,7,19158.94,Debit Card,East
5898,6/8/2021,CUST_7161,2596,8,1677.23,Cash,East
5899,8/29/2022,CUST_5592,2934,3,47234.77,Cash,South
5900,7/27/2021,CUST_7437,2692,9,68879.52,Cash,East
5901,11/6/2023,CUST_6980,2889,2,23401.46,Debit Card,Central
5902,1/11/2024,CUST_2865,2275,8,14048.88,UPI,South
5903,12/15/2023,CUST_4273,2702,8,88817.23,UPI,South
5904,3/19/2021,CUST_9939,3004,4,28227.45,UPI,North
5905,9/17/2024,CUST_3947,2736,1,23137.65,Cash,East
5906,11/21/2022,CUST_1440,2386,1,85852.6,Net Banking,Central
5907,6/19/2024,CUST_8563,2338,2,81893.6,Net Banking,East
5908,9/26/2021,CUST_4434,2827,9,45386.3,Credit Card,Central
5909,5/8/2024,CUST_8183,2040,2,49434.65,Net Banking,West
5910,2/11/2023,CUST_5773,2468,2,22557.12,Cash,North
5911,11/12/2021,CUST_2133,2460,6,8751.87,UPI,South
5912,11/29/2021,CUST_7703,2269,7,57769.75,Net Banking,North
5913,1/6/2022,CUST_9180,2433,7,10736.15,Debit Card,West
5914,11/19/2024,CUST_3280,2045,9,45478.18,Debit Card,North
5915,7/3/2024,CUST_5961,3034,6,94109.22,UPI,North
5916,12/6/2021,CUST_4965,2347,8,95330.6,Net Banking,West
5917,6/16/2023,CUST_5139,2253,6,24693.9,Cash,North
5918,3/31/2021,CUST_3525,2751,2,62787.23,Cash,North
5919,4/22/2023,CUST_7932,2077,1,47933.55,Net Banking,West
5920,1/17/2023,CUST_7176,2769,5,87692.83,Credit Card,West
5921,10/17/2024,CUST_2211,2524,9,27871.66,Credit Card,South
5922,5/2/2022,CUST_8357,2100,8,1366.54,Debit Card,Central
5923,6/29/2023,CUST_8851,2099,4,17093.56,UPI,Central
5924,6/4/2024,CUST_7566,2222,5,35602.76,Debit Card,West
5925,8/7/2022,CUST_9755,2041,5,32256.39,UPI,Central
5926,7/9/2023,CUST_9300,2099,6,79344.93,UPI,East
5927,4/25/2022,CUST_7853,2238,3,68375.51,UPI,East
5928,12/30/2023,CUST_9907,2854,5,30656.08,UPI,East
5929,5/5/2022,CUST_1602,2910,2,46316.64,Cash,South
5930,9/26/2022,CUST_6890,2779,1,10460.35,Net Banking,Central
5931,8/19/2023,CUST_9796,2254,1,89916.5,UPI,North
5932,2/2/2022,CUST_2392,2518,7,93607.06,Net Banking,West
5933,1/24/2023,CUST_2791,2972,2,98000.55,UPI,Central
5934,10/21/2024,CUST_5067,2314,4,86986.73,Cash,South
5935,3/14/2024,CUST_6816,2421,5,18222.13,Cash,North
5936,6/22/2023,CUST_3725,2020,7,5573.45,Net Banking,West
5937,8/4/2023,CUST_1725,2617,2,58380.08,Net Banking,North
5938,8/1/2022,CUST_7547,2862,6,91347.9,Debit Card,West
5939,2/22/2023,CUST_6432,2207,1,18557.78,Debit Card,East
5940,10/27/2023,CUST_8052,2553,7,1697.25,Credit Card,West
5941,12/17/2023,CUST_2735,2281,9,80744.11,Debit Card,West
5942,5/8/2023,CUST_1172,2858,5,8602.77,Debit Card,South
5943,11/28/2021,CUST_2615,2215,5,41956.9,UPI,South
5944,2/13/2022,CUST_5239,3048,4,68209.85,Credit Card,South
5945,5/23/2024,CUST_4637,2242,3,24442.96,Debit Card,Central
5946,10/11/2021,CUST_9366,2579,9,9312.29,Debit Card,East
5947,5/28/2022,CUST_9499,2234,5,77232.1,Net Banking,East
5948,4/17/2021,CUST_4621,2218,8,63387.33,Credit Card,West
5949,8/6/2024,CUST_8303,3020,9,98860.56,Credit Card,South
5950,9/12/2023,CUST_7129,2407,5,35086.5,Credit Card,East
5951,1/31/2023,CUST_7408,2410,9,7114.48,Net Banking,East
5952,2/10/2024,CUST_8586,2539,2,73700.65,Cash,West
5953,7/30/2021,CUST_9199,2414,9,52651.61,Credit Card,West
5954,12/27/2024,CUST_3469,2734,4,22107.19,Credit Card,North
5955,11/23/2023,CUST_6651,2840,6,78391.17,Net Banking,North
5956,9/13/2021,CUST_1402,2605,6,21171.79,Cash,West
5957,8/7/2022,CUST_8909,2329,6,26805.5,Credit Card,North
5958,6/21/2021,CUST_2712,2081,2,10160.33,Credit Card,East
5959,11/25/2021,CUST_5840,3017,7,40543.8,UPI,West
5960,7/13/2022,CUST_7815,2426,6,42473.99,Cash,West
5961,7/10/2023,CUST_2406,2985,1,51941.62,Debit Card,South
5962,11/18/2023,CUST_2901,2678,2,71187.46,Credit Card,East
5963,10/29/2021,CUST_3321,2481,7,90703.99,Net Banking,East
5964,6/15/2023,CUST_6707,2006,1,14635.68,UPI,Central
5965,7/7/2021,CUST_6110,2027,1,6380.46,Debit Card,Central
5966,3/31/2022,CUST_6620,2183,1,2834.59,Debit Card,South
5967,7/13/2023,CUST_8460,2227,8,15218.52,UPI,Central
5968,12/17/2022,CUST_4389,3012,4,66137,Net Banking,North
5969,2/24/2021,CUST_9537,2306,4,73020.23,Debit Card,West
5970,4/30/2023,CUST_8912,2185,2,78864.07,Debit Card,North
5971,4/20/2021,CUST_6706,3048,1,25127.11,Cash,East
5972,3/23/2023,CUST_8801,2154,9,31283.59,Debit Card,Central
5973,10/26/2023,CUST_2599,2208,7,48830.33,Credit Card,North
5974,2/5/2023,CUST_8178,2525,4,7255.13,Credit Card,East
5975,4/28/2022,CUST_8412,2474,6,61503.01,UPI,Central
5976,3/2/2023,CUST_6225,2936,2,98389.77,UPI,West
5977,6/17/2021,CUST_2100,2607,7,36719.82,Net Banking,West
5978,2/7/2023,CUST_5919,2541,2,75531.9,Net Banking,Central
5979,4/5/2022,CUST_1732,2951,8,50503.36,Cash,West
5980,2/27/2021,CUST_2885,2103,8,13653.37,UPI,South
5981,10/15/2022,CUST_1370,2205,1,58641.51,Cash,Central
5982,7/22/2021,CUST_6620,2358,8,30687.55,Net Banking,South
5983,8/24/2024,CUST_2791,2081,2,4405.92,Debit Card,Central
5984,11/18/2022,CUST_3692,2596,6,63858.04,Cash,South
5985,10/27/2021,CUST_4996,2738,1,86034.3,Debit Card,West
5986,10/9/2021,CUST_9454,2641,5,35132.21,Cash,West
5987,3/20/2021,CUST_3858,2873,7,39639.26,Cash,North
5988,8/11/2022,CUST_3623,2238,1,89211.15,Net Banking,East
5989,8/26/2023,CUST_6422,2195,2,81547.27,Cash,South
5990,11/26/2024,CUST_7985,2094,7,71780.33,Net Banking,Central
5991,10/12/2021,CUST_8570,2020,6,25630.91,Cash,West
5992,12/15/2024,CUST_4798,2284,3,91111.45,Cash,West
5993,8/19/2023,CUST_7636,2350,2,16287.16,UPI,Central
5994,7/8/2023,CUST_4022,2674,4,63050.28,UPI,East
5995,6/14/2024,CUST_4053,2733,3,3851.32,Net Banking,Central
5996,1/11/2021,CUST_8080,2897,7,64728.26,Cash,South
5997,6/12/2021,CUST_7481,2550,8,28437.29,Debit Card,South
5998,2/8/2021,CUST_1478,2191,2,45518.02,Credit Card,North
5999,6/9/2022,CUST_4232,2764,7,35181.19,Net Banking,Central
6000,3/18/2022,CUST_8365,2702,8,18102.92,UPI,West
6001,11/3/2021,CUST_8037,2375,6,62576.1,UPI,North
6002,1/29/2024,CUST_7370,2234,6,88315.58,Net Banking,Central
6003,5/31/2024,CUST_1072,2821,1,95949.34,UPI,Central
6004,12/17/2023,CUST_4519,2820,4,20042.29,Debit Card,West
6005,5/17/2023,CUST_4371,2935,1,72019.9,UPI,East
6006,8/16/2021,CUST_5560,2557,4,66769.6,Credit Card,Central
6007,8/14/2022,CUST_2025,2790,2,34994.4,Credit Card,North
6008,5/2/2022,CUST_2667,2980,5,2890.82,Cash,West
6009,9/9/2022,CUST_9796,2864,9,69289.33,Debit Card,South
6010,9/7/2021,CUST_4063,2342,3,94603.99,UPI,East
6011,4/8/2021,CUST_6993,2232,8,63579.89,UPI,West
6012,5/4/2022,CUST_6340,2272,3,44093.98,Net Banking,North
6013,5/10/2023,CUST_4228,2121,6,52990.24,Cash,Central
6014,8/1/2024,CUST_8496,2327,4,20763.25,Credit Card,North
6015,6/29/2024,CUST_2867,2213,8,75303.87,Net Banking,Central
6016,7/26/2023,CUST_5298,2853,6,74895.56,Net Banking,West
6017,5/9/2021,CUST_9019,2989,8,15406.21,UPI,East
6018,8/16/2021,CUST_9646,2898,1,87919.86,Credit Card,West
6019,10/21/2023,CUST_6134,2372,6,27649.78,Net Banking,North
6020,5/7/2024,CUST_7367,2778,1,98243.35,UPI,North
6021,1/3/2024,CUST_7431,2735,1,38907.4,Cash,South
6022,2/3/2021,CUST_2871,2060,8,18610.52,Debit Card,South
6023,7/18/2024,CUST_6700,2268,7,35820.29,Credit Card,Central
6024,11/22/2023,CUST_6766,2990,3,44577.85,Cash,North
6025,3/23/2024,CUST_8501,3000,6,7861.47,UPI,South
6026,5/11/2022,CUST_3826,2232,9,58243.62,Debit Card,South
6027,10/22/2021,CUST_5873,2843,7,60165.61,Net Banking,West
6028,8/20/2022,CUST_2388,2903,3,74154.12,Cash,Central
6029,5/30/2023,CUST_3194,2095,6,3887.82,Net Banking,East
6030,1/4/2021,CUST_6131,2130,4,54582.58,Net Banking,West
6031,6/13/2024,CUST_2931,2536,3,6237.84,Debit Card,Central
6032,12/24/2022,CUST_4908,2644,9,70413.28,Debit Card,Central
6033,5/8/2022,CUST_6003,2026,2,6517.07,Net Banking,West
6034,3/14/2024,CUST_2916,2459,1,91261.06,Net Banking,South
6035,5/4/2023,CUST_3999,2693,2,70506.17,Debit Card,South
6036,1/19/2022,CUST_7116,2196,7,51231.59,UPI,East
6037,9/22/2024,CUST_3316,2887,1,44708.89,Credit Card,East
6038,9/30/2024,CUST_9369,2510,6,13936.59,Net Banking,Central
6039,6/25/2021,CUST_7364,2987,7,29808.94,Debit Card,East
6040,12/9/2023,CUST_7852,2709,9,87026.95,Cash,West
6041,1/9/2023,CUST_3258,2789,8,90540.83,Cash,East
6042,5/19/2021,CUST_7286,2305,6,1074.02,UPI,North
6043,12/14/2023,CUST_7931,2112,3,59819.5,UPI,Central
6044,1/20/2024,CUST_4043,2024,8,72210.76,Cash,North
6045,11/6/2023,CUST_8973,2322,7,62255.95,UPI,Central
6046,11/6/2023,CUST_9804,3036,3,9086.3,Net Banking,Central
6047,2/9/2024,CUST_3838,2962,9,22554.76,Debit Card,West
6048,2/11/2021,CUST_3733,3016,2,25783.69,Credit Card,South
6049,3/11/2023,CUST_9022,2339,3,83340.74,Debit Card,East
6050,8/21/2023,CUST_5732,2154,2,46856.74,Debit Card,North
6051,3/31/2021,CUST_3298,3007,1,49195.99,UPI,East
6052,7/25/2024,CUST_4065,2657,4,93554.41,Credit Card,Central
6053,3/4/2023,CUST_6154,2494,5,64071.5,Net Banking,North
6054,2/4/2023,CUST_8389,2678,6,89968.1,Cash,North
6055,6/4/2022,CUST_1878,2570,5,46194.38,Net Banking,Central
6056,2/3/2021,CUST_6882,2104,1,15794.19,UPI,East
6057,1/2/2023,CUST_1157,3039,3,93063.62,Cash,North
6058,5/19/2021,CUST_8939,2457,1,46411.81,Net Banking,East
6059,12/8/2022,CUST_3236,2776,5,18981.51,Debit Card,North
6060,5/9/2022,CUST_4196,2826,5,30937.18,UPI,South
6061,9/7/2024,CUST_7290,2482,6,6029.46,Credit Card,West
6062,7/10/2024,CUST_9281,2162,8,47361.76,Debit Card,Central
6063,8/1/2021,CUST_9109,2941,1,85459.69,Credit Card,West
6064,4/6/2024,CUST_7703,2910,4,93424.47,Cash,East
6065,11/12/2022,CUST_9056,2918,1,93327.62,Credit Card,West
6066,10/1/2021,CUST_7809,2181,9,13397.77,Debit Card,West
6067,4/1/2021,CUST_8272,3021,7,38823.33,Credit Card,West
6068,12/23/2022,CUST_9006,2916,7,3794.65,UPI,West
6069,1/24/2024,CUST_3740,2648,5,85661.37,UPI,Central
6070,11/25/2022,CUST_2354,2244,7,36516.82,Debit Card,South
6071,8/9/2024,CUST_1505,3019,2,63480.59,Net Banking,South
6072,12/25/2021,CUST_4613,2037,4,71774.95,Credit Card,West
6073,11/3/2024,CUST_5785,2211,7,43554.62,Debit Card,South
6074,8/10/2023,CUST_1535,2827,3,31337.79,Credit Card,South
6075,11/25/2024,CUST_5503,2845,2,96259.08,Debit Card,Central
6076,9/8/2023,CUST_4683,2074,2,96484.33,Credit Card,West
6077,7/17/2024,CUST_9808,2001,1,29654.2,Net Banking,East
6078,1/9/2022,CUST_5729,2187,5,48482.88,Debit Card,West
6079,10/4/2021,CUST_3755,2624,6,97311.57,UPI,South
6080,5/10/2021,CUST_8492,3042,6,1481.97,Net Banking,East
6081,7/27/2023,CUST_9115,2424,9,41855.15,UPI,South
6082,3/17/2021,CUST_9369,2935,4,10945.3,Net Banking,South
6083,8/24/2022,CUST_2854,2699,1,51406.64,UPI,North
6084,2/17/2022,CUST_2871,2745,6,3442.33,Net Banking,North
6085,3/31/2021,CUST_5389,2112,5,41282.94,Credit Card,North
6086,2/13/2022,CUST_9898,2457,6,22849.21,UPI,South
6087,3/27/2021,CUST_7010,2931,3,53797.53,Credit Card,West
6088,10/9/2022,CUST_9880,2680,2,99603.37,Debit Card,West
6089,9/28/2022,CUST_1681,2969,6,80253.07,Credit Card,South
6090,11/22/2023,CUST_8231,2745,1,84718.57,UPI,North
6091,3/27/2023,CUST_9951,2927,7,63891.23,Net Banking,South
6092,1/18/2024,CUST_4580,2234,7,5114.42,Credit Card,West
6093,8/28/2023,CUST_7965,2200,7,21472.97,Cash,West
6094,6/3/2022,CUST_2677,2455,1,92581.39,Net Banking,Central
6095,3/16/2021,CUST_5055,2005,4,37245.2,Debit Card,West
6096,8/17/2024,CUST_5877,2700,7,11260.04,Debit Card,Central
6097,1/27/2022,CUST_1528,2728,9,70538.13,UPI,South
6098,8/9/2022,CUST_8368,2598,5,30646.31,Net Banking,West
6099,1/2/2023,CUST_5305,2766,2,27616.83,Credit Card,Central
6100,4/8/2021,CUST_6711,2218,7,99799.77,Credit Card,West
