CustomerID,LastPurchaseDate,InactiveDays,ChurnProbability,CustomerValue,PurchaseFrequency,ChurnStatus
CUST_8373,12/17/2023,60,0.18,48088.43,5,Churned
CUST_7303,12/2/2020,261,0.89,30332.16,9,Churned
CUST_6821,10/3/2022,311,0.44,28194.03,46,Churned
CUST_4698,6/1/2022,58,0.14,1219.44,40,At Risk
CUST_4044,10/2/2020,224,0.76,4507.01,14,Churned
CUST_7959,10/1/2021,363,0.79,29070,44,Churned
CUST_1121,3/7/2022,285,0.64,46843.9,42,At Risk
CUST_9161,9/25/2022,310,0.85,43401.22,30,At Risk
CUST_4878,8/12/2020,333,0.74,49137.66,26,Active
CUST_9220,3/11/2023,350,0.88,26627.78,45,At Risk
CUST_5411,10/14/2023,352,0.43,39502.58,29,Churned
CUST_7731,10/1/2022,323,0.75,42099.82,19,Churned
CUST_9948,9/13/2023,116,1,32577.57,47,Active
CUST_7012,2/8/2023,178,0.72,17268.12,8,Churned
CUST_1548,11/4/2023,278,0.11,23763.93,23,At Risk
CUST_1620,1/9/2023,350,0.52,42966.9,42,At Risk
CUST_8917,3/17/2023,312,0.59,15278.12,35,Churned
CUST_7038,8/20/2022,227,0.17,46225.28,31,Active
CUST_2854,9/1/2022,73,0.96,11875.41,35,Churned
CUST_8889,2/25/2023,57,0.18,37601.06,32,Churned
CUST_2311,11/16/2020,46,0.18,31712.68,5,Churned
CUST_3327,11/3/2022,156,0.92,37605.17,16,Churned
CUST_9624,4/24/2020,197,0.47,22148.7,17,At Risk
CUST_5578,3/12/2022,273,0.06,46665.73,32,Churned
CUST_8617,6/23/2021,105,0.6,31807.37,38,At Risk
CUST_9469,10/10/2022,260,0.6,14770.64,32,Churned
CUST_2281,4/25/2023,233,0.06,32103.53,20,At Risk
CUST_9574,2/12/2022,277,0.97,14697.38,48,Active
CUST_2449,6/17/2023,331,0.54,15034.8,2,At Risk
CUST_5017,10/17/2023,243,0.56,20280.13,20,Active
CUST_8740,12/23/2021,244,0.52,42695.31,47,Active
CUST_2279,8/5/2021,187,0.61,25264.74,18,Churned
CUST_9834,10/18/2021,98,0.26,34105.59,1,At Risk
CUST_6119,5/5/2020,114,0.29,19902.4,29,At Risk
CUST_1864,2/27/2020,296,0.51,13548.47,29,Churned
CUST_6628,4/24/2023,98,0.81,47754.69,19,Churned
CUST_9765,4/2/2020,128,0.05,30377.27,44,Churned
CUST_1176,9/19/2020,245,0.6,46730.59,40,Active
CUST_8681,1/20/2022,190,0.81,10568.94,6,Churned
CUST_8438,12/15/2021,123,0.16,7771.26,44,Churned
CUST_9399,4/10/2023,203,0.02,42863.23,39,At Risk
CUST_8687,2/25/2020,194,0.31,34205.4,46,Active
CUST_6431,7/4/2023,144,0.59,9735.64,8,Active
CUST_7897,11/29/2021,249,0.14,13833.31,24,Churned
CUST_6782,2/18/2022,60,0.43,40132.87,20,Churned
CUST_5827,7/18/2020,40,0.55,22966.5,14,At Risk
CUST_5738,5/26/2022,159,0.6,33691.76,5,Churned
CUST_3744,12/7/2021,134,0.27,16258.43,41,At Risk
CUST_1578,1/1/2022,56,0.4,19370.88,40,Churned
CUST_5981,4/23/2022,256,0.78,49540.27,34,Active
CUST_5267,12/20/2021,31,0.94,12757.05,16,Active
CUST_2006,4/25/2020,130,0.86,25569.59,45,Active
CUST_8752,9/16/2023,50,0.56,42297.92,7,Churned
CUST_3770,5/15/2021,87,0.41,12341.55,16,Churned
CUST_1845,5/22/2021,209,0.33,21053.08,7,At Risk
CUST_5780,4/25/2021,49,0.12,30947.02,27,Active
CUST_1447,8/20/2023,284,0.11,24318.81,14,At Risk
CUST_5699,10/1/2021,346,0.69,23245.36,14,Churned
CUST_8942,4/28/2023,67,0.26,18444.23,44,At Risk
CUST_2351,6/22/2020,177,0.25,29538.99,33,Churned
CUST_3077,11/10/2023,54,1,31406.45,33,Active
CUST_9283,5/14/2020,150,0.19,32837.83,44,Churned
CUST_2259,9/16/2021,55,0.15,3983.22,20,Active
CUST_5552,8/22/2020,198,0.1,31736.19,47,At Risk
CUST_5129,11/22/2021,352,0.58,47685.24,36,At Risk
CUST_3171,12/13/2020,254,0.63,27278.82,7,Churned
CUST_5603,2/10/2020,30,0.37,35905.72,32,Churned
CUST_5509,1/7/2023,336,0.54,28058.25,48,At Risk
CUST_5209,10/29/2021,290,0.79,42809.66,3,Active
CUST_1232,3/17/2020,42,0.82,46514.36,39,Active
CUST_2827,8/1/2022,77,0.96,9618.89,29,Churned
CUST_3860,9/9/2023,342,0.82,22124.57,24,Active
CUST_3476,5/15/2022,320,0.56,19922.91,22,At Risk
CUST_8317,3/9/2023,361,0.18,20558.15,6,At Risk
CUST_7058,11/20/2022,123,0.1,6713.45,48,Churned
CUST_3873,5/12/2022,290,0.05,40773.98,24,Churned
CUST_5280,6/30/2021,307,0.67,2270.43,40,Active
CUST_4869,2/11/2020,234,0.81,26647.22,23,At Risk
CUST_8944,11/26/2023,214,0.51,33262.98,38,At Risk
CUST_3962,8/19/2022,204,0.05,10769.74,10,Active
CUST_9640,4/19/2023,338,0.54,45339.58,16,Churned
CUST_1542,2/15/2020,98,0.94,42008.19,11,Churned
CUST_6617,10/10/2021,133,0.6,23818.64,32,Churned
CUST_2382,2/12/2022,275,0.81,20851.87,45,Churned
CUST_3376,3/14/2023,190,0.8,12210.11,6,Churned
CUST_3525,3/10/2022,229,0.93,36634.66,24,Churned
CUST_9125,10/22/2021,245,0.77,7021.32,33,Churned
CUST_7765,3/18/2023,241,0.75,34171.77,12,Churned
CUST_7277,7/19/2020,45,0.23,42201.62,27,Active
CUST_4898,9/27/2022,361,0.06,11809.34,38,At Risk
CUST_8211,7/23/2020,234,0.52,43388.16,18,At Risk
CUST_3740,11/15/2023,68,0.12,2149.5,45,At Risk
CUST_4454,10/14/2023,118,0.96,45682.98,39,Churned
CUST_6653,2/25/2021,285,0.29,6358.93,13,Churned
CUST_1890,11/19/2021,283,0.85,32465.08,40,Churned
CUST_5331,10/14/2022,245,0.39,12879.08,30,Churned
CUST_2900,10/26/2022,332,0.32,41909.34,49,Active
CUST_1860,9/28/2023,201,0.94,25858.87,41,Churned
CUST_3745,11/26/2021,166,0.36,7194.44,13,At Risk
CUST_8602,12/7/2020,207,0.39,28764.08,34,Churned
CUST_7533,6/13/2023,106,0.11,20690.19,36,Churned
CUST_8802,9/5/2021,217,0.67,33241.67,30,Active
CUST_5937,1/14/2022,44,0.29,44154.21,25,Active
CUST_8803,6/11/2022,321,0.59,20764.76,2,At Risk
CUST_9724,2/17/2021,348,0.59,14849.09,36,Churned
CUST_4828,10/14/2022,354,0.72,1218.5,18,Churned
CUST_7222,7/25/2023,243,0.75,28954.53,5,Active
CUST_7390,6/3/2020,237,0.51,20412.6,19,At Risk
CUST_8775,1/2/2023,198,0.33,19045.14,42,At Risk
CUST_5302,3/14/2021,359,0.84,9555.3,18,Active
CUST_3378,8/11/2021,309,0.31,21787.74,32,Active
CUST_9690,6/27/2021,334,0.51,49229.88,21,Churned
CUST_8122,4/7/2020,175,0.4,15238.83,10,At Risk
CUST_1194,8/31/2021,292,0.86,30185.37,37,At Risk
CUST_5731,3/20/2023,33,0.43,38936.1,49,Active
CUST_8353,4/3/2022,119,0.39,37583.31,22,Active
CUST_7258,4/7/2021,89,0.69,16774.33,13,Active
CUST_6172,7/3/2023,340,0.6,30737.57,17,At Risk
CUST_9687,7/7/2020,45,0.11,43627.6,9,Active
CUST_1672,3/30/2023,256,0.51,1264.65,24,At Risk
CUST_2595,7/13/2020,58,0.74,22068.85,44,Active
CUST_9704,4/27/2023,180,0.99,11601.53,14,At Risk
CUST_6797,11/20/2021,274,0.63,19737.3,46,Active
CUST_8074,7/13/2021,299,0.37,21091.49,8,At Risk
CUST_5466,5/17/2020,108,0.23,37460.21,37,Churned
CUST_6488,3/6/2023,318,0.87,5144.18,19,Churned
CUST_5429,12/23/2022,182,0.81,25872.9,28,At Risk
CUST_5375,8/31/2022,306,0.23,28427.64,46,Churned
CUST_2610,5/24/2022,308,0.2,24960.8,41,Churned
CUST_5183,3/5/2021,86,0.72,36727.73,30,Churned
CUST_7408,12/12/2021,215,0.31,19497.67,7,At Risk
CUST_8554,6/6/2020,122,0.31,47275.87,26,At Risk
CUST_4961,8/27/2023,305,0.15,24349.27,40,Churned
CUST_4193,9/10/2021,187,0.26,28775.09,46,At Risk
CUST_9518,10/30/2022,304,0.43,41363.78,46,Churned
CUST_6528,9/6/2021,210,0.73,14124.19,11,At Risk
CUST_3947,6/5/2022,106,0.34,4222.5,14,At Risk
CUST_6132,9/20/2023,180,0.33,35535.31,21,Churned
CUST_9972,1/10/2023,267,0.28,24409.09,8,At Risk
CUST_1173,10/3/2021,318,0.48,44876.96,3,Churned
CUST_1138,2/13/2021,260,0.18,49142.66,28,At Risk
CUST_2113,4/28/2022,47,0.49,20255.91,29,Active
CUST_1195,4/3/2022,102,0.7,21064.23,23,Active
CUST_7737,5/29/2021,218,0.03,20694.15,18,Churned
CUST_2600,7/3/2023,46,0.01,16565.43,35,Active
CUST_9605,11/21/2022,48,0.08,39193.51,13,At Risk
CUST_2702,7/17/2022,248,0.54,38070.29,12,Churned
CUST_8306,10/7/2023,355,0.85,24192.92,47,At Risk
CUST_6759,1/26/2023,149,0,2710.73,5,Active
CUST_4594,1/4/2021,130,0.94,15823.19,39,Churned
CUST_5641,2/8/2020,63,0.11,14969,11,Churned
CUST_5127,7/9/2023,113,0.84,40648.82,11,Churned
CUST_4163,12/11/2023,225,0.48,4834.99,47,Active
CUST_1557,11/23/2022,359,0.66,40380.93,42,Churned
CUST_1388,1/17/2021,231,0.51,33624.59,47,Active
CUST_2506,3/27/2023,40,0.48,36755.85,31,At Risk
CUST_1931,10/19/2022,247,0.83,21894.55,31,At Risk
CUST_4552,3/12/2021,282,0.76,34146.43,13,Active
CUST_2995,9/15/2023,251,0.48,30646.93,14,Churned
CUST_2965,8/15/2022,109,0.11,38564.52,49,Active
CUST_2415,7/2/2021,36,0.12,22615.11,45,Churned
CUST_3128,7/30/2023,301,0.8,23904.87,42,At Risk
CUST_7159,12/27/2022,256,0.53,32357.02,25,Active
CUST_4027,6/12/2023,45,0.48,5849.84,33,Churned
CUST_2816,6/7/2022,41,0.68,22094.1,33,At Risk
CUST_4018,3/5/2023,320,0.86,48611.57,15,Active
CUST_5150,7/7/2023,270,0.63,2358.84,16,Active
CUST_5826,5/2/2020,50,0.76,16142.23,44,At Risk
CUST_8650,12/5/2022,207,0.77,16048.44,38,Churned
CUST_2240,2/14/2021,257,0.36,31856.47,6,At Risk
CUST_8429,1/16/2022,302,0.27,5737.12,44,Active
CUST_5528,8/5/2022,317,0.8,31612.93,25,Churned
CUST_7995,10/29/2020,326,0.38,5204.49,15,Active
CUST_6298,5/7/2021,163,0.9,5200.21,4,Active
CUST_5216,11/4/2020,312,0.07,36545.08,4,At Risk
CUST_3653,11/4/2023,182,0.06,16544.69,30,At Risk
CUST_2212,9/6/2021,95,0.93,48882.44,34,At Risk
CUST_5543,6/10/2022,166,0.65,2348.97,27,At Risk
CUST_2022,4/20/2022,121,0.38,22532.78,31,At Risk
CUST_7271,10/14/2021,346,0.76,6100.23,32,At Risk
CUST_7366,5/11/2020,288,0.67,17893.26,44,Active
CUST_6450,7/22/2023,132,0.53,49912.01,39,Active
CUST_1984,2/20/2021,84,0.1,44497.7,9,Active
CUST_5230,4/24/2022,286,0.81,2892.06,41,Churned
CUST_5336,6/30/2021,130,0.87,28381.16,8,At Risk
CUST_3915,8/10/2021,227,0.17,32567.2,14,Active
CUST_8218,8/16/2023,330,0.85,10871.96,33,At Risk
CUST_2137,11/24/2020,255,0.88,7682.73,23,At Risk
CUST_9056,6/9/2021,266,0.55,45266.87,21,Active
CUST_4287,11/7/2023,55,0.66,48456.41,12,Active
CUST_7432,5/16/2023,150,0.38,49598.7,2,Churned
CUST_3923,4/28/2021,211,0.28,39593.21,13,At Risk
CUST_9061,4/11/2022,228,0.72,33343.35,4,Active
CUST_2776,5/3/2021,331,0.86,17613.65,20,Active
CUST_3357,8/20/2020,284,0.65,8984.22,48,Churned
CUST_9857,11/3/2020,151,0.51,4409.54,14,At Risk
CUST_8065,1/28/2021,60,0.16,34818.22,30,Active
CUST_4578,2/26/2020,344,0.05,39343.81,29,Active
CUST_2740,5/17/2021,314,0.45,41409.46,8,At Risk
CUST_8234,9/27/2021,135,0.05,45731.37,12,At Risk
CUST_5243,8/8/2022,253,0.57,44056.51,41,Churned
CUST_2692,9/21/2022,302,0.38,49987.19,38,At Risk
CUST_1571,2/20/2023,261,0.76,12581.17,26,Churned
CUST_2194,6/12/2022,285,0.31,38283.73,2,At Risk
CUST_2153,5/14/2022,53,0.59,29529.75,40,At Risk
CUST_5105,8/17/2023,138,0.54,13431.63,14,At Risk
CUST_8305,3/16/2020,220,0,49104.31,6,At Risk
CUST_1307,2/17/2021,54,0.07,44945.96,42,Churned
CUST_9154,11/22/2020,216,0.29,6861.53,40,Churned
CUST_3438,7/12/2021,317,0.88,1794.84,31,Active
CUST_1014,10/6/2020,145,0.15,34572.37,17,Active
CUST_1619,2/29/2020,66,0.71,30404.47,25,Churned
CUST_7397,6/13/2021,311,0.97,46822.87,32,Churned
CUST_5365,7/22/2021,166,0.79,12083.26,12,At Risk
CUST_3483,9/10/2023,256,0.24,4677.2,49,At Risk
CUST_6403,2/1/2023,349,0.91,13331.16,13,Churned
CUST_7411,12/26/2020,357,0.09,1436.92,19,At Risk
CUST_1060,8/12/2023,211,0.47,2276.69,44,Active
CUST_9444,3/27/2020,115,0.89,45785.46,48,Churned
CUST_9039,9/22/2022,82,0.64,17924.82,25,At Risk
CUST_8833,2/10/2020,264,0.41,20835.05,31,Active
CUST_8144,4/23/2020,296,0.29,1409.4,37,Churned
CUST_7617,6/20/2020,316,0.38,13890.83,25,Churned
CUST_2148,10/4/2021,129,0.51,40333.94,16,Churned
CUST_9849,5/17/2023,116,0.32,30966.8,38,At Risk
CUST_4700,9/2/2021,44,0.97,37812.14,43,At Risk
CUST_1054,5/10/2020,130,0.93,22637.08,49,Active
CUST_7298,4/13/2022,194,0.87,15831.6,23,At Risk
CUST_8898,1/14/2022,58,0.42,24399.1,14,At Risk
CUST_2985,10/7/2023,143,0.69,16492.02,6,Churned
CUST_9770,9/8/2023,136,0.9,42029.07,25,Active
CUST_6880,7/3/2020,159,0.85,15234.85,23,Churned
CUST_6463,3/23/2022,113,0.41,33158.3,43,At Risk
CUST_5961,10/14/2020,300,0.11,7280.62,12,Churned
CUST_7563,4/28/2021,273,0.08,34499.89,13,At Risk
CUST_1904,8/17/2020,243,0.58,45708.34,36,Churned
CUST_2485,3/15/2023,335,0.64,30624.87,39,Active
CUST_6985,10/21/2022,195,0.85,28212.84,34,Active
CUST_9759,9/4/2020,308,0.29,48075.35,6,Churned
CUST_6571,12/4/2022,88,0.17,31556.13,38,Active
CUST_2318,9/22/2023,119,0.38,13347.75,40,Churned
CUST_8530,4/3/2023,360,0.35,14973.36,8,Churned
CUST_5750,12/11/2022,223,0.13,35412.68,8,Churned
CUST_4327,5/30/2021,152,0.67,36904.11,40,At Risk
CUST_3893,10/13/2022,165,0.51,15523.06,33,Churned
CUST_1644,7/3/2020,168,0.72,17594.53,34,Churned
CUST_7294,5/2/2021,258,0.35,49557.3,44,Active
CUST_4129,5/13/2023,303,0.33,5546.65,15,Churned
CUST_5896,9/7/2020,79,0.47,20529.93,36,Churned
CUST_7391,10/3/2021,147,0.88,3591.15,35,Active
CUST_2749,11/5/2021,231,0.04,41143.38,46,Active
CUST_6886,4/11/2023,220,0.8,5071.12,22,Churned
CUST_8970,3/9/2022,352,0.37,33863.36,23,Churned
CUST_2390,4/28/2021,210,0.85,3295.93,40,Churned
CUST_8175,5/16/2022,107,0.8,33806.32,45,Active
CUST_4104,3/22/2021,104,0.35,42230.33,22,Churned
CUST_3292,10/22/2020,324,0.69,20241.67,5,Churned
CUST_1584,8/6/2020,310,0.16,26345.26,31,Active
CUST_4163,12/24/2020,50,0.9,20376.32,13,At Risk
CUST_1415,3/14/2021,200,0.4,15374.19,28,Churned
CUST_4907,7/16/2021,44,0.46,40261.54,20,Active
CUST_9015,6/19/2022,240,0.71,13964.13,33,Active
CUST_7369,4/16/2022,77,0.82,36285.7,16,Churned
CUST_2032,6/4/2021,115,0.24,10706.76,29,Churned
CUST_9856,4/22/2023,178,0.66,12867.76,23,Active
CUST_6041,4/24/2020,217,0.39,17154.83,24,Active
CUST_9186,10/1/2022,335,0.37,29663.24,34,At Risk
CUST_9748,12/28/2022,180,0.69,22993.9,7,Active
CUST_8361,2/6/2022,170,0.39,37384.67,38,Active
CUST_1268,12/3/2023,98,0.35,11071.58,37,Churned
CUST_1606,8/19/2020,289,0.84,1028.28,4,Churned
CUST_6558,10/10/2021,363,0.1,38939.59,34,At Risk
CUST_1918,1/22/2023,38,0.68,41171.64,42,Active
CUST_6533,5/17/2022,150,0.25,3444.27,22,Churned
CUST_1701,8/30/2022,130,0.02,30739.92,5,Churned
CUST_7643,10/30/2023,178,0.17,19221.24,42,At Risk
CUST_2936,5/19/2021,175,0.61,39797.83,23,At Risk
CUST_4468,7/22/2021,272,0.71,43783.52,15,Churned
CUST_9570,10/23/2020,270,0.02,42624.69,31,Active
CUST_8509,1/13/2022,72,0.04,38971.61,9,At Risk
CUST_9791,8/31/2022,124,0.9,13818.09,43,Active
CUST_3440,1/23/2022,255,0.07,40688.54,25,At Risk
CUST_4817,9/23/2021,35,0.89,26907.18,25,At Risk
CUST_2180,2/13/2020,243,0.23,3111.45,49,Active
CUST_1604,8/14/2023,235,0.74,23118.47,21,At Risk
CUST_3319,5/25/2023,96,0.31,47136.82,9,Active
CUST_9010,3/12/2020,129,0.86,44449.04,48,Churned
CUST_1312,9/18/2023,41,0.7,5562.08,38,At Risk
CUST_8720,4/21/2020,266,0.4,37334.27,22,At Risk
CUST_1750,11/15/2023,351,0.08,40386.75,43,At Risk
CUST_4976,10/7/2023,287,0.73,13933.72,23,Active
CUST_3138,5/5/2021,164,0.62,23844.62,49,Active
CUST_1235,6/2/2021,251,0,35693.9,4,Active
CUST_3822,2/5/2023,185,0.01,22232.55,29,Churned
CUST_1818,2/26/2022,171,0.81,6083.45,15,Active
CUST_6035,9/25/2021,187,0.26,35441.18,1,At Risk
CUST_2594,8/1/2023,355,0.64,45626.12,30,Active
CUST_8474,12/5/2023,291,0.45,32797.99,29,Active
CUST_3796,1/13/2022,312,0.86,38803.14,20,At Risk
CUST_2047,11/4/2023,258,0.92,18238.95,33,Active
CUST_2742,9/6/2020,309,1,9568.31,41,Active
CUST_2870,12/31/2022,319,0.15,32317.3,44,At Risk
CUST_9145,4/29/2021,197,0.86,16724.67,36,At Risk
CUST_4613,6/25/2022,76,0.27,43073.64,22,Churned
CUST_2033,3/6/2022,232,0.59,6570.09,13,Active
CUST_4320,1/17/2020,243,0.51,21956.45,7,Active
CUST_7983,3/15/2022,275,0.02,20138.02,8,Churned
CUST_6527,6/7/2021,53,0.93,46933.67,28,At Risk
CUST_7586,9/8/2021,350,0.08,8080.17,45,Active
CUST_6312,7/3/2020,303,0.69,987.42,43,Active
CUST_2979,4/27/2021,73,0.79,12285.22,9,Churned
CUST_9943,9/1/2021,361,0.8,41103.7,25,Active
CUST_3250,3/6/2021,342,0.14,10861.43,16,At Risk
CUST_6268,11/24/2020,185,0.45,12423.46,10,At Risk
CUST_4493,6/17/2022,228,0.83,6929.99,11,Active
CUST_1746,7/17/2023,191,0.3,35914.09,31,At Risk
CUST_3841,10/11/2021,263,0.47,3924.12,12,Active
CUST_6496,8/12/2023,192,0.27,16894.81,31,At Risk
CUST_2035,4/12/2022,145,0.46,14483.69,14,At Risk
CUST_2978,3/10/2020,122,0.89,27980.41,44,At Risk
CUST_5487,7/15/2021,71,0.46,36655.61,32,At Risk
CUST_3314,6/13/2020,313,0.56,26877.38,17,Active
CUST_7801,10/3/2022,239,0.4,46585.79,35,Active
CUST_3753,8/22/2022,235,0.46,47596.41,1,Active
CUST_7060,4/25/2022,249,0.02,18392.53,29,Active
CUST_3703,11/12/2021,309,0.28,38995.18,4,Churned
CUST_8187,5/15/2022,165,0.44,37070.67,23,Churned
CUST_4991,7/24/2020,135,0.63,44701.75,28,Active
CUST_1666,11/24/2020,147,0.45,22673.21,16,At Risk
CUST_3185,12/1/2023,266,0.34,26758.42,12,Churned
CUST_2637,6/18/2021,338,0.39,21080.83,21,Churned
CUST_7162,11/2/2022,129,0.24,42593.66,45,At Risk
CUST_3584,5/15/2020,290,0.92,11870.26,17,Active
CUST_1256,12/21/2021,334,0.52,12365.6,40,At Risk
CUST_8978,5/11/2022,315,0.01,18943.95,13,Active
CUST_2322,5/18/2023,357,0.02,11901.97,32,At Risk
CUST_1104,1/26/2023,132,0.97,28269.84,37,At Risk
CUST_1118,10/31/2021,92,0.22,7157.26,15,Churned
CUST_3939,7/17/2022,204,0.81,16349.22,12,At Risk
CUST_2460,11/24/2023,311,0.06,45715.51,49,Active
CUST_5648,2/26/2020,322,0.92,20756.66,15,At Risk
CUST_7819,4/16/2020,255,0.87,37537.57,34,Active
CUST_8798,8/6/2023,36,0.57,6116.38,6,At Risk
CUST_3079,8/6/2023,156,0.01,12754.44,17,Churned
CUST_4377,1/11/2021,121,0.26,40463.61,48,Active
CUST_3344,7/14/2023,219,0.41,38268.15,49,Active
CUST_5439,6/27/2022,82,0.46,19614.72,20,At Risk
CUST_9570,8/5/2023,271,0.3,47742.65,9,Churned
CUST_8379,10/5/2020,161,0.03,45576.83,5,Churned
CUST_7750,1/7/2020,141,0.59,48133.89,23,Churned
CUST_4919,3/31/2022,36,0.52,21681.78,33,Active
CUST_3859,2/13/2021,259,0.28,10274.94,38,Active
CUST_1616,7/10/2023,185,0.04,31519.6,14,Churned
CUST_3949,9/17/2021,226,0.99,34396.27,17,Churned
CUST_9190,10/4/2021,352,0.48,6709.37,19,Active
CUST_2442,3/25/2023,252,0.76,39430.91,33,At Risk
CUST_5934,6/17/2020,279,0.45,1393.98,1,Churned
CUST_6699,8/14/2020,112,0.04,24395.06,13,At Risk
CUST_7861,11/19/2020,269,0.31,16885.3,46,At Risk
CUST_1074,5/26/2021,352,0.32,37145,27,Active
CUST_4860,11/23/2022,292,0.84,15981.66,6,Churned
CUST_4144,8/22/2023,218,0.65,41426.95,6,Churned
CUST_2925,9/23/2020,319,0.28,29950.2,33,Active
CUST_9686,5/1/2023,87,0.97,39797.72,30,Active
CUST_2567,11/5/2023,38,0.32,49472.36,46,At Risk
CUST_6929,4/20/2022,333,1,34118.34,35,Churned
CUST_9842,10/16/2021,144,1,49255.04,23,Active
CUST_9315,7/13/2022,239,0.19,1927.4,10,Active
CUST_4592,9/6/2022,70,0.31,17237.93,19,Churned
CUST_8605,9/30/2020,333,0.49,5838.74,28,At Risk
CUST_4409,6/17/2021,202,0.66,13484.09,23,Churned
CUST_5528,12/21/2020,263,0.53,42024.95,4,At Risk
CUST_1869,11/8/2023,310,0.97,2100,20,Active
CUST_4173,4/29/2023,107,0.72,26249.06,19,Active
CUST_2846,11/1/2021,137,0.21,28572.87,42,At Risk
CUST_3444,7/31/2021,310,0.11,28276.98,27,Churned
CUST_8772,2/10/2021,68,0.69,24027.21,34,At Risk
CUST_9151,6/21/2020,148,0.16,39634.85,4,Churned
CUST_3888,4/28/2022,364,0.79,7110.38,38,Active
CUST_3617,1/22/2022,56,0.31,15873.56,7,Active
CUST_1706,1/7/2021,133,0.33,30978.44,48,Active
CUST_1885,3/16/2022,103,0.01,34702.09,7,At Risk
CUST_6966,2/11/2022,220,0.7,20505.35,26,At Risk
CUST_5670,3/14/2023,353,0.11,43830.88,26,Churned
CUST_4433,4/4/2021,176,0.77,21066.92,19,At Risk
CUST_8121,2/12/2020,284,0.49,20437.42,9,Churned
CUST_5118,2/17/2020,313,0.78,2292.26,20,At Risk
CUST_6477,2/17/2023,242,0.58,27781.5,42,At Risk
CUST_8424,8/18/2023,152,0.08,35579.7,45,Churned
CUST_1709,6/7/2023,235,0.77,6164.69,16,Active
CUST_2710,7/7/2023,269,0.07,15618.92,17,Churned
CUST_1859,4/13/2021,315,0.48,39172.22,22,Churned
CUST_9804,7/1/2020,51,0.17,18613.01,13,At Risk
CUST_3881,8/5/2022,288,0.75,12459.32,12,Active
CUST_3589,2/10/2021,134,0.91,33773.93,10,Active
CUST_1476,6/20/2021,287,0.55,10239.56,1,Churned
CUST_8947,12/7/2023,233,0.53,44834.82,32,Churned
CUST_9436,12/11/2020,339,0.76,5727.12,30,Churned
CUST_2901,4/11/2020,291,0.01,35474.22,8,Active
CUST_2160,4/1/2022,136,0.92,25227.66,21,At Risk
CUST_4855,6/19/2023,280,0.2,43561.51,22,Active
CUST_8287,5/28/2022,250,0.98,6746.66,18,At Risk
CUST_6340,5/14/2023,251,0.74,34055.8,2,Churned
CUST_7865,6/16/2021,287,0.77,28816.7,48,Active
CUST_4256,11/1/2020,230,0.66,24264.46,44,Active
CUST_6336,7/1/2020,287,0.47,24824.66,9,Churned
CUST_4769,1/23/2022,254,0.57,36237.86,3,Churned
CUST_2804,12/14/2020,231,0.05,46918.21,26,At Risk
CUST_6343,3/7/2023,255,0.62,5016.96,21,At Risk
CUST_4731,8/28/2020,265,0.63,1465.38,30,Active
CUST_2606,1/29/2020,212,0.89,40382.39,28,Churned
CUST_4884,12/12/2022,229,0.51,5854.38,36,Churned
CUST_7759,6/10/2022,275,0.08,49341.49,26,At Risk
CUST_4276,7/18/2022,140,0.31,31157.74,34,Churned
CUST_7152,10/11/2023,35,0.66,32717.89,8,At Risk
CUST_4615,10/9/2022,265,0.24,10345.14,10,Churned
CUST_2204,8/30/2020,156,0.28,12395.46,48,At Risk
CUST_8716,4/4/2021,133,0.82,33137.84,43,Churned
CUST_8936,2/20/2021,266,0.58,45531.48,14,At Risk
CUST_1890,1/25/2021,184,0.51,49128.33,40,At Risk
CUST_8141,6/29/2021,286,0.32,10302.53,15,Active
CUST_3374,8/12/2021,264,0.73,7138.92,17,Churned
CUST_4541,10/9/2022,318,0.29,3291.87,18,At Risk
CUST_8454,2/21/2022,69,0.74,43480.7,32,At Risk
CUST_3917,9/23/2020,317,0.07,15088.38,38,Active
CUST_7346,6/2/2022,226,0.86,589.7,23,At Risk
CUST_7119,2/27/2021,302,0.5,11579,46,Churned
CUST_3234,5/13/2023,293,0.44,17351.83,23,At Risk
CUST_8499,3/17/2021,86,0.61,49553.82,35,Active
CUST_4181,8/2/2021,327,0.62,26415.31,39,Churned
CUST_6875,10/18/2023,127,0.13,10633.34,15,Active
CUST_5418,1/22/2021,166,0.76,17073.51,24,Churned
CUST_4313,5/6/2022,116,0.28,16850.23,28,Active
CUST_6503,1/4/2021,271,0.9,1476.42,16,Churned
CUST_3084,4/16/2022,228,0.82,7191.56,16,At Risk
CUST_1525,10/25/2020,339,0.35,34912.22,40,Active
CUST_1977,2/28/2020,113,0.81,6452.42,39,Active
CUST_5597,8/17/2021,271,0.36,11921.35,6,Churned
CUST_3236,6/20/2021,310,0.1,17861.5,2,Active
CUST_2820,4/27/2021,352,0.96,38007.88,13,At Risk
CUST_8627,6/19/2023,281,0.65,29328.85,44,Churned
CUST_8513,7/12/2022,219,0.46,34605.5,47,Churned
CUST_7852,5/23/2021,181,0.4,28567.11,9,Churned
CUST_3804,1/27/2022,331,0.32,34337.83,34,At Risk
CUST_6629,4/8/2023,307,0.98,640.69,17,At Risk
CUST_4602,11/2/2023,168,0.13,46579.46,27,Churned
CUST_5835,8/18/2023,205,0.31,5990.55,29,Active
CUST_3568,7/27/2022,37,0.49,20609.33,37,Churned
CUST_3784,6/24/2020,324,0.48,38666.4,43,Churned
CUST_4763,1/22/2020,264,0.47,22043.92,22,Active
CUST_2416,8/18/2022,192,0.18,47368.71,24,Churned
CUST_7745,9/29/2020,78,0.14,23645.65,7,Active
CUST_9548,10/24/2021,331,0.25,43809.5,34,Churned
CUST_9015,11/20/2023,67,0.91,40635.99,48,At Risk
CUST_4546,3/25/2022,165,0.11,49058.82,12,Churned
CUST_8757,11/7/2023,339,0.76,46364.12,23,Active
CUST_8581,3/10/2021,248,0.76,44957.13,15,At Risk
CUST_5573,12/31/2023,325,0.81,36714.41,33,At Risk
CUST_1237,2/24/2022,63,0.89,18666.41,13,Churned
CUST_8014,12/21/2023,108,0.26,5753.21,23,At Risk
CUST_5041,5/16/2022,265,0.22,34587.93,38,At Risk
CUST_5060,5/8/2023,302,0.47,48943.38,32,Active
CUST_6362,6/8/2021,190,0.27,36466.92,45,Churned
CUST_8114,5/29/2020,204,0.73,46472.1,35,Active
CUST_4643,7/14/2020,337,0.64,40313.08,1,Active
CUST_3440,2/14/2023,250,0.87,8574.18,47,At Risk
CUST_1083,4/30/2020,38,0.08,12835.59,45,At Risk
CUST_7844,4/16/2020,318,0.92,17422.35,5,Active
CUST_1724,11/12/2021,142,0.29,8828.89,13,At Risk
CUST_1656,4/25/2021,234,0.49,29291.74,5,Active
CUST_8711,8/22/2022,215,0.44,48784.8,32,Active
CUST_9261,12/26/2021,226,0.76,38192.21,21,Churned
CUST_1550,5/26/2023,295,0.42,21457.64,24,Active
CUST_7974,10/5/2023,291,0.94,722.97,18,At Risk
CUST_9701,5/10/2023,277,0.9,16007.16,21,Churned
CUST_7460,12/24/2023,144,0.87,26574.58,10,Churned
CUST_8852,4/3/2020,150,0.07,16550.42,24,At Risk
CUST_2605,1/11/2020,170,0.85,5996.23,40,Active
CUST_8412,6/3/2021,94,0.78,22416.87,47,Active
CUST_9114,10/30/2022,305,0.1,13036.01,21,Churned
CUST_4940,6/23/2023,342,0.11,45507,25,Churned
CUST_2361,2/19/2022,268,0.1,5536.85,23,At Risk
CUST_1203,9/11/2021,331,0.01,2933.06,22,Churned
CUST_7662,3/19/2022,39,0.55,763.05,4,Active
CUST_4571,10/6/2023,262,0.97,16739.45,34,Active
CUST_3174,1/29/2022,224,0.44,33189.15,6,At Risk
CUST_6872,9/27/2020,41,0.54,36655.48,28,At Risk
CUST_5846,2/19/2023,206,0.97,22936.45,31,Active
CUST_4916,3/25/2020,206,0.26,34374.27,35,At Risk
CUST_2486,4/3/2023,246,0.86,18315.74,39,At Risk
CUST_1260,1/2/2021,40,0.55,33556.41,42,Churned
CUST_8860,6/17/2021,147,0.57,2509.5,23,Churned
CUST_5994,12/13/2020,193,0.34,19842.27,6,Churned
CUST_3650,10/28/2022,68,0.56,39647.06,16,Active
CUST_8524,10/6/2022,82,0.07,40248.8,2,Active
CUST_1399,11/25/2021,247,0.76,35949.36,24,Active
CUST_8452,8/16/2022,235,0.28,10609.81,17,Churned
CUST_8598,9/27/2020,341,0.89,12736.65,45,At Risk
CUST_3271,7/2/2020,85,0.37,49806.39,1,Active
CUST_7641,10/11/2021,147,0.14,5617.21,6,At Risk
CUST_4030,12/25/2023,282,0.7,9442.8,5,Churned
CUST_7068,12/22/2022,315,0.16,6936.3,45,Churned
CUST_8607,6/5/2022,297,0.75,16718.92,29,At Risk
CUST_1022,10/17/2020,320,0.97,10903.7,12,Active
CUST_2158,6/17/2021,362,0.78,25135.55,39,Churned
CUST_7305,8/27/2020,209,0.02,24063.02,47,Active
CUST_6454,10/3/2021,264,0.6,45124.53,3,Churned
CUST_9698,3/31/2020,225,0.7,2219.63,48,Churned
CUST_1535,9/18/2020,337,0.83,16334.04,1,Churned
CUST_5859,10/19/2022,109,0.06,30034.57,27,Churned
CUST_7977,7/29/2021,164,0.48,30437.69,48,Churned
CUST_5420,1/8/2022,51,0.54,24266.25,24,Churned
CUST_9887,5/30/2022,360,0.17,40875.44,44,Churned
CUST_4393,8/2/2021,254,0.32,3604.75,19,Active
CUST_2326,6/23/2021,87,0.44,40866.64,8,Active
CUST_6500,6/9/2023,122,0.83,24990.33,44,Churned
CUST_1898,6/24/2021,221,0.93,7121.15,47,Active
CUST_9433,11/24/2022,132,0.63,44342.24,2,Churned
CUST_6963,10/3/2021,36,0.39,32636.82,30,Active
CUST_1844,6/11/2022,157,0.25,8595.51,30,Active
CUST_2818,12/3/2020,84,0.98,2165.66,49,At Risk
CUST_7274,10/8/2021,260,0.98,7484.93,39,Churned
CUST_6989,10/3/2022,91,0.92,30635.5,45,Active
CUST_8624,11/5/2020,269,0.79,9375.16,32,Churned
CUST_1669,2/12/2023,119,0.33,11675.27,1,Churned
CUST_6989,9/8/2023,261,0.82,1744.42,38,At Risk
CUST_7003,7/27/2023,262,0.41,36285.07,13,Active
CUST_3871,6/20/2022,362,0.33,40613.04,11,Churned
CUST_2097,4/18/2020,321,0.74,39943.98,10,Active
CUST_4354,1/21/2021,181,0.08,6814.62,48,Churned
CUST_3267,10/31/2020,174,0.05,45213.41,26,Churned
CUST_6487,4/21/2020,159,0.45,33777.8,20,Churned
CUST_4909,4/15/2021,170,0.45,44927.67,17,Churned
CUST_9841,1/10/2021,122,0.9,22634.44,17,At Risk
CUST_2860,3/14/2020,143,0.13,22129.27,4,Churned
CUST_8839,8/21/2022,313,0.12,39334.56,5,Churned
CUST_4437,6/16/2021,172,0.15,5118.24,23,At Risk
CUST_4693,11/30/2020,252,0.03,26283.26,46,Active
CUST_6250,12/16/2023,261,0.07,41901.02,10,At Risk
CUST_6778,8/14/2022,62,0.66,41594.53,46,Churned
CUST_5380,6/12/2022,305,0.43,47828.58,28,Churned
CUST_9250,8/25/2020,199,0.76,35064.49,33,Churned
CUST_7929,10/10/2022,169,0.99,10784.65,43,Active
CUST_5540,3/24/2020,230,0.66,1503.88,26,At Risk
CUST_1892,6/23/2022,52,0.05,24231.08,48,At Risk
CUST_2038,12/31/2021,253,0.1,25928.34,29,At Risk
CUST_7108,12/23/2023,299,0.88,12393,27,At Risk
CUST_6656,2/22/2023,182,0.53,6672.52,18,Active
CUST_8412,9/20/2022,362,0.82,29517.3,40,Churned
CUST_8966,7/26/2022,114,0.86,38330.66,10,Churned
CUST_9215,10/6/2022,138,0.93,49661.13,42,At Risk
CUST_9629,8/18/2020,60,0.95,38035.98,5,At Risk
CUST_3010,10/30/2020,258,0.55,39784.8,10,At Risk
CUST_8703,9/10/2020,269,0.34,31014.81,21,Churned
CUST_9714,12/16/2021,339,0.96,49303.17,24,Active
CUST_9730,7/10/2020,170,0.55,32177.84,38,Churned
CUST_5788,2/21/2021,185,0.06,43082.54,3,Active
CUST_8405,8/4/2021,328,0.64,47316.34,40,Active
CUST_7031,1/4/2021,128,0.59,46528,31,At Risk
CUST_2075,12/10/2020,76,0.9,19380.06,41,At Risk
CUST_4085,11/7/2022,356,0.65,4393.77,37,Churned
CUST_8501,7/12/2021,96,0.35,9007.75,2,At Risk
CUST_2430,2/27/2023,91,0.97,3431.55,2,At Risk
CUST_2313,9/20/2023,138,0.8,5717.15,39,Active
CUST_7400,4/14/2023,196,0.63,9640.24,49,At Risk
CUST_3929,3/10/2021,66,0.29,17384.17,42,Active
CUST_5724,4/10/2023,148,0.37,27405.21,44,At Risk
CUST_2260,1/9/2020,115,0.67,35728.26,34,Active
CUST_2791,12/13/2022,81,0.07,10940.9,42,Churned
CUST_3699,3/14/2023,120,0.26,33789.86,20,Active
CUST_5521,1/4/2021,318,0.71,35360.82,33,Churned
CUST_2835,5/2/2022,327,0.48,28151.81,4,Active
CUST_3424,6/6/2020,233,0.4,45229.08,45,Churned
CUST_9131,5/19/2021,267,0.15,5994.24,44,At Risk
CUST_3465,10/17/2022,184,0.44,9267.51,11,Active
CUST_4346,10/18/2023,269,0.77,21718.91,42,Active
CUST_9530,7/12/2020,165,0.26,6772.28,47,Active
CUST_1371,11/4/2021,93,0.01,28531.66,5,Active
CUST_5803,2/23/2020,152,0.67,20220.82,25,At Risk
CUST_7824,8/5/2021,283,0.97,14587.49,49,At Risk
CUST_9870,10/27/2023,143,0.61,8914.5,37,Active
CUST_3163,10/25/2023,49,0.12,17099.24,34,Churned
CUST_8764,9/6/2020,45,0.32,30593.99,9,Churned
CUST_6680,3/18/2022,174,0.87,29001.37,6,Active
CUST_7883,2/4/2022,237,0.23,8599.39,18,Active
CUST_8272,4/24/2023,48,0.61,6683.53,14,At Risk
CUST_1351,8/5/2020,195,0.4,1820.5,19,At Risk
CUST_5776,10/24/2021,67,0.21,1115.07,14,Active
CUST_4097,11/10/2020,210,0.81,44050.62,40,Churned
CUST_2031,2/29/2020,134,0.74,2731.9,17,Churned
CUST_1361,6/15/2020,129,0.66,36695.44,35,At Risk
CUST_4806,7/31/2022,119,0.24,43663.26,29,At Risk
CUST_9513,12/20/2023,329,0.1,5353.86,42,Active
CUST_6503,9/12/2023,361,0.58,22096.92,17,Active
CUST_7745,9/9/2022,108,0.55,48134,43,At Risk
CUST_6616,7/18/2022,102,0.19,41789.86,8,Active
CUST_6346,7/10/2023,205,0.06,24740.35,1,At Risk
CUST_8965,7/5/2021,125,0.08,38247.27,45,Active
CUST_9686,5/1/2023,132,0.99,41752.19,36,At Risk
CUST_9986,9/9/2023,253,0.78,17727.33,7,Churned
CUST_8295,1/12/2020,35,0.92,44661.57,46,Active
CUST_8503,11/5/2021,151,0.2,23788.43,5,Active
CUST_5982,3/30/2020,265,0.96,26626.46,24,Churned
CUST_3161,9/5/2023,145,0.14,49985.53,28,Churned
CUST_6021,6/28/2023,192,0.51,42243.5,43,At Risk
CUST_3813,7/16/2022,255,0.83,18407.62,17,Active
CUST_5259,10/27/2021,259,0.35,1012.11,37,Churned
CUST_4715,3/11/2023,211,0.42,31495.62,20,At Risk
CUST_8933,9/21/2020,278,0.13,35343.71,3,Churned
CUST_7093,3/8/2021,347,0.12,32714.73,37,Active
CUST_5720,4/9/2020,239,0.62,48409.19,26,Active
CUST_1775,8/11/2023,173,0.68,43217.07,15,Active
CUST_3430,8/2/2021,125,0.78,22717.17,48,Active
CUST_6785,10/23/2021,273,0.56,3611.45,8,At Risk
CUST_5659,4/23/2020,115,0.65,24064.91,13,At Risk
CUST_8469,5/24/2020,213,0.01,34617.58,48,Churned
CUST_3725,1/25/2023,150,0.16,30581.64,3,Active
CUST_3634,5/18/2023,361,0.98,27137.78,1,Active
CUST_9770,2/20/2022,121,0.08,23706.54,9,Active
CUST_5673,7/8/2020,99,0.68,15041.21,31,At Risk
CUST_3986,3/27/2022,162,0.18,14228.66,41,Active
CUST_3873,6/6/2021,308,0.72,25261.46,26,At Risk
CUST_3514,12/30/2020,166,0.71,8449.86,17,Churned
CUST_3641,5/6/2021,343,0.23,17363.93,34,Churned
CUST_4897,3/27/2022,216,0.27,16536.97,9,At Risk
CUST_2915,7/1/2020,250,0.65,29563.07,13,Active
CUST_1674,2/12/2020,75,0.39,3800.77,5,Active
CUST_6187,3/2/2021,307,0.19,41568.6,41,Churned
CUST_3072,11/29/2020,221,0.73,28337.73,13,Active
CUST_8223,3/6/2022,37,0.15,33705.92,1,Churned
CUST_5266,4/4/2022,305,0.86,35303.15,25,Active
CUST_7056,8/6/2021,208,0.51,14928.46,47,At Risk
CUST_4022,8/18/2023,363,0.11,23783.39,4,At Risk
CUST_4361,9/1/2023,68,0.69,47834.17,36,At Risk
CUST_1568,11/11/2020,322,0.52,38451.91,10,Active
CUST_6192,9/3/2020,207,0.3,48493.07,28,Churned
CUST_6633,9/3/2021,191,0.42,37439.59,6,At Risk
CUST_3423,10/2/2022,360,0.3,9192.21,27,Active
CUST_7109,6/4/2022,133,0.26,3694.53,12,Churned
CUST_8347,9/27/2021,190,0.16,29094.24,48,Churned
CUST_9845,11/3/2023,316,0.36,18211.76,3,Churned
CUST_3663,5/20/2023,152,0.25,14135.17,46,Active
CUST_9743,9/25/2020,83,0.68,40456.94,33,At Risk
CUST_5940,1/5/2022,63,0.68,18666.17,10,At Risk
CUST_2990,9/24/2023,271,0.5,16191.55,31,At Risk
CUST_1408,7/15/2020,142,0.78,42574.39,15,At Risk
CUST_7628,1/22/2022,347,0.84,42391.22,7,Churned
CUST_9182,11/15/2022,52,0.58,18140.15,36,Churned
CUST_3381,2/13/2021,75,0.62,41708.69,14,Active
CUST_8504,9/29/2022,341,0.28,42613.54,48,At Risk
CUST_6246,7/1/2022,164,0.89,21484.56,14,Churned
CUST_3556,3/5/2022,147,0.02,3790.42,3,Churned
CUST_1070,9/2/2022,218,0.35,578.44,49,Active
CUST_9948,7/3/2021,160,0.72,26402.98,46,At Risk
CUST_9313,2/27/2023,241,0.08,17531.74,3,Churned
CUST_6427,5/14/2023,142,0.18,49858.03,22,At Risk
CUST_5842,5/16/2022,73,0.59,38734.34,19,Churned
CUST_8764,7/3/2020,157,0.56,38183.14,35,Active
CUST_5748,5/15/2022,187,0.74,47784.52,12,Active
CUST_3409,1/24/2022,302,0.81,44442.36,5,Active
CUST_8243,6/11/2023,344,0.13,16250.28,10,Active
CUST_6549,1/16/2021,74,0.02,8716.37,41,Churned
CUST_2840,6/8/2022,137,0.69,37421.67,33,Churned
CUST_8847,7/15/2023,248,0.3,19224.56,13,Active
CUST_1656,5/22/2022,347,0.63,23922.05,35,Churned
CUST_3284,7/9/2020,344,0.15,31704.69,32,Active
CUST_2914,3/23/2020,206,0.47,45439.7,11,Churned
CUST_6047,11/17/2022,257,0.5,21244.84,48,Active
CUST_1406,11/30/2021,220,0.59,39274.19,38,Churned
CUST_7580,8/7/2022,189,0.51,13782.82,24,Churned
CUST_4610,10/17/2023,296,0.5,35049.6,35,At Risk
CUST_8306,4/4/2021,355,0.33,578.18,19,At Risk
CUST_6855,8/19/2023,219,0.07,43639.61,6,At Risk
CUST_2515,11/6/2023,204,0.09,2003.79,40,At Risk
CUST_6347,11/13/2020,319,0.43,35781.31,45,Churned
CUST_1901,10/11/2022,174,0.36,2789.78,44,Churned
CUST_4197,12/15/2022,261,0.52,13679.16,42,At Risk
CUST_9625,7/13/2023,233,0.3,25111.52,35,Active
CUST_4639,8/18/2023,242,0.69,21286.96,4,Active
CUST_5553,12/10/2022,69,0.86,9995.89,33,Active
CUST_4206,6/20/2020,304,0.3,17023.84,13,Active
CUST_1369,8/18/2021,352,0.19,36521.47,36,Active
CUST_2369,8/16/2022,111,0.12,33628.23,43,Active
CUST_9821,6/14/2022,210,0.62,4054.82,19,At Risk
CUST_8298,6/11/2020,349,0.44,37492.13,43,Churned
CUST_2431,9/5/2022,112,0.19,3125.77,12,At Risk
CUST_9385,9/7/2021,332,0.65,27374.86,11,Churned
CUST_7462,10/31/2020,291,0.15,13373.11,6,Churned
CUST_4185,9/18/2020,301,0.55,29590.66,12,At Risk
CUST_9035,11/2/2023,229,0.53,13435.76,27,At Risk
CUST_6206,9/7/2021,269,0.73,49255.42,41,Churned
CUST_9381,5/24/2021,209,0.06,15831.55,25,Churned
CUST_1918,12/7/2022,200,0.89,12477.05,42,Active
CUST_6915,5/25/2022,324,0.7,14284.03,3,Active
CUST_7513,8/28/2021,206,0.22,44875.41,3,At Risk
CUST_3423,3/10/2023,266,0.18,31992.83,20,At Risk
CUST_8006,4/7/2020,167,0.43,36668.86,28,Churned
CUST_7056,2/2/2023,356,0.82,45941.52,23,At Risk
CUST_7326,6/5/2020,340,0.84,45637.69,48,At Risk
CUST_7108,4/2/2020,158,0.52,37077.82,3,At Risk
CUST_1199,11/17/2022,78,0.86,10292.31,42,Active
CUST_5663,8/8/2020,193,0.01,42246.98,24,Churned
CUST_6651,11/11/2022,306,0.04,10586.91,43,Churned
CUST_6756,5/20/2022,322,0.91,37273.49,40,Churned
CUST_6047,4/25/2022,145,0.78,34437.35,6,Churned
CUST_8300,7/12/2020,53,0.45,38065,20,Active
CUST_2435,8/9/2022,340,0.75,26867.94,11,Active
CUST_4533,9/15/2023,54,0.96,32116.95,32,Active
CUST_8278,3/10/2023,156,0.77,47689.34,27,Churned
CUST_7809,6/2/2021,263,0.84,5503.89,21,Churned
CUST_8249,12/28/2021,238,0.76,15787.94,44,Active
CUST_5728,6/5/2021,122,0.17,30762.17,48,At Risk
CUST_3683,4/14/2023,123,0.83,48220.68,13,At Risk
CUST_7944,6/16/2020,356,0.2,5230.94,22,Active
CUST_7786,10/28/2022,254,0.89,1616.19,35,Active
CUST_3286,2/3/2020,309,0.46,3259.61,47,Churned
CUST_2410,8/21/2020,40,0.68,3094.08,22,Active
CUST_3353,9/16/2023,358,0.5,45436.88,28,Active
CUST_4404,8/5/2022,41,0.09,36202.27,21,At Risk
CUST_5968,1/2/2021,64,0.29,34016.77,46,Active
CUST_8776,1/8/2021,257,0.98,26367.35,18,Churned
CUST_9606,3/15/2022,249,0.96,39206.65,31,At Risk
CUST_6495,4/2/2020,170,0.32,8204.58,46,Churned
CUST_2083,6/19/2020,52,1,19901.09,37,Churned
CUST_7156,5/2/2022,112,0.85,24755.21,21,At Risk
CUST_2449,12/13/2023,258,0.61,5965.27,14,Churned
CUST_1108,9/1/2021,109,0.04,21265.93,25,Churned
CUST_7708,10/4/2021,319,0.9,16166.84,27,At Risk
CUST_5478,4/17/2023,360,0.56,2261.32,40,Churned
CUST_7791,7/20/2022,188,0.87,7268.4,23,Churned
CUST_3865,10/4/2023,157,0.83,38319.82,31,At Risk
CUST_8571,7/10/2022,219,0.83,1392.88,47,Churned
CUST_3243,7/1/2023,60,0.7,46745.54,29,At Risk
CUST_4264,6/26/2021,44,0.29,4778.02,47,At Risk
CUST_4047,11/30/2021,342,0.34,40062.29,30,At Risk
CUST_7254,1/18/2021,104,0.31,44981.52,26,Active
CUST_5742,3/8/2021,63,0.02,47086.21,20,Active
CUST_9037,1/14/2021,225,0.58,43440.11,38,At Risk
CUST_1691,6/9/2020,360,0.7,14733.73,19,Active
CUST_5947,5/22/2023,58,0.85,16987.81,27,At Risk
CUST_5979,6/15/2021,223,0.14,21614.01,25,Active
CUST_9095,10/11/2023,45,0.54,7395.19,40,Active
CUST_8593,8/5/2020,106,0.01,1602.49,38,Churned
CUST_4678,6/7/2022,322,0.1,43521.52,23,Active
CUST_1439,12/30/2022,110,0.05,27929.37,29,Churned
CUST_1040,2/6/2020,153,0.73,30631.79,15,Active
CUST_3523,1/12/2020,48,0.08,46385.93,3,At Risk
CUST_5303,3/19/2022,131,0.72,33423.45,10,Churned
CUST_5917,8/26/2020,106,0.25,34697.25,15,Active
CUST_8742,1/28/2020,258,0.88,39454.95,16,Active
CUST_3034,12/17/2020,326,0.81,6259.25,17,At Risk
CUST_5713,9/5/2023,232,0.96,18328.03,19,Churned
CUST_7834,9/4/2022,90,0.88,48426.29,11,At Risk
CUST_3938,7/31/2022,55,0.93,46185.04,48,Churned
CUST_9059,11/17/2023,100,0.86,44261.73,5,At Risk
CUST_5009,4/9/2022,132,0.69,22878.38,5,Active
CUST_1466,9/9/2023,355,0.17,42931.05,14,At Risk
CUST_2955,5/17/2023,186,0.27,2895.6,26,Active
CUST_5541,9/23/2022,223,0.21,7851.61,8,Active
CUST_9078,9/12/2021,304,0.6,20991.4,5,At Risk
CUST_2093,6/20/2023,353,0.5,24427.91,7,Active
CUST_6927,6/17/2023,215,0.87,13543.6,16,Active
CUST_8872,1/8/2022,355,0.95,18145.6,14,At Risk
CUST_8144,11/15/2023,142,0.4,8557.42,37,Active
CUST_5225,10/11/2023,342,0.51,24712.13,41,Churned
CUST_8799,11/14/2023,194,0.97,39795.24,4,Active
CUST_2959,10/14/2023,90,0.28,33237.34,36,Active
CUST_7114,3/19/2022,121,0.79,5835.72,48,At Risk
CUST_9397,9/11/2021,315,0.23,24635.29,17,At Risk
CUST_1287,6/28/2020,182,0.68,35033.5,47,Active
CUST_5252,9/13/2020,254,0.25,26729.82,36,Churned
CUST_3668,10/3/2020,156,0.88,19887.94,6,Churned
CUST_1958,1/29/2020,222,0.56,31284.76,16,At Risk
CUST_3394,1/25/2021,144,0.19,48447.61,29,Active
CUST_6237,8/17/2020,291,0.22,5197.94,36,Active
CUST_8553,2/2/2020,47,0.49,19805.8,38,Active
CUST_3219,11/26/2023,39,0.96,20626.99,37,Active
CUST_6855,1/20/2021,121,0.77,29059.88,48,At Risk
CUST_3675,2/24/2020,168,0.49,8032.64,48,Active
CUST_1866,3/4/2021,362,0.34,9243.83,10,Active
CUST_5467,9/12/2022,81,0.55,14625.39,41,At Risk
CUST_6917,8/21/2023,224,0.75,47815.57,36,Churned
CUST_7873,10/24/2020,235,0.78,36838.37,29,Active
CUST_6832,8/23/2023,316,0.32,33253.82,14,At Risk
CUST_1798,5/10/2021,122,0.72,40939.41,4,Churned
CUST_5749,6/11/2022,338,0.66,6815.04,44,Active
CUST_5778,7/6/2023,174,0.96,43036.97,42,Active
CUST_9677,1/8/2023,115,0.93,29944.22,36,Active
CUST_2258,1/25/2021,182,0.79,17098.79,45,Active
CUST_9419,6/25/2020,31,0.72,40884.84,13,Active
CUST_4175,9/8/2021,289,0.27,40226.94,46,At Risk
CUST_4002,8/7/2022,193,0.85,42362.57,18,Active
CUST_2548,10/30/2020,35,0.43,6218.14,33,Active
CUST_3738,8/28/2022,178,0.27,48483.38,21,Churned
CUST_9908,5/14/2022,234,0.38,48001.49,16,Active
CUST_6285,2/14/2020,147,0.84,18194.75,15,At Risk
CUST_6180,8/26/2020,118,0.15,3761.75,5,Churned
CUST_5932,12/6/2020,183,0.46,8769.26,6,Active
CUST_5447,11/8/2020,196,0.49,49645.13,38,At Risk
CUST_6939,12/9/2023,190,0.04,28369.14,3,Active
CUST_2570,6/30/2022,299,0.2,18152.78,48,At Risk
CUST_9755,9/20/2022,85,0.83,14766.03,12,At Risk
CUST_6761,8/23/2022,257,0.83,13221.09,36,Active
CUST_3354,2/10/2020,178,0.29,33375.56,33,At Risk
CUST_1211,7/9/2022,75,0.87,21259.7,36,At Risk
CUST_3243,4/13/2023,173,0.77,48287.83,33,Churned
CUST_9489,5/11/2021,267,0.42,34350.23,31,Active
CUST_5610,2/16/2021,301,0.75,39706.21,21,Churned
CUST_7111,8/26/2021,149,0.96,14990.71,27,Churned
CUST_8944,3/12/2023,249,0.46,4419.73,27,At Risk
CUST_7750,3/13/2022,37,0.24,24647.23,8,Churned
CUST_6575,4/14/2020,304,0.94,16071.79,37,Active
CUST_3671,11/14/2021,95,0.6,10503.12,32,Active
CUST_2678,1/17/2020,108,0.11,47655.79,26,Active
CUST_4569,7/29/2020,115,0.57,22477.42,2,Active
CUST_3532,7/15/2023,153,0.5,9148.08,12,Active
CUST_9247,12/31/2023,231,0.86,10333.21,22,Active
CUST_4622,6/3/2022,179,0.53,14395.13,17,Churned
CUST_4087,5/1/2022,75,0.26,49966.16,7,At Risk
CUST_9612,10/12/2022,142,0.68,13766.57,43,Churned
CUST_9717,3/31/2023,120,0.54,16775.69,4,At Risk
CUST_2867,5/5/2023,170,0.23,33136.74,37,At Risk
CUST_7837,2/9/2023,318,0.57,15051.09,38,Churned
CUST_8544,8/18/2021,247,0.82,11182.31,32,At Risk
CUST_2251,3/16/2020,106,0.03,8352.54,11,Churned
CUST_2909,9/25/2022,363,0.63,15977.79,1,Active
CUST_3150,3/29/2022,181,0.35,5742.83,25,Active
CUST_1284,9/22/2022,352,0.29,1423.01,42,Churned
CUST_8856,11/17/2022,268,0.39,40329.76,24,Churned
CUST_6705,4/25/2023,144,0.34,7325.8,43,Active
CUST_6104,6/6/2023,348,0.83,38910.85,17,Churned
CUST_6940,10/21/2023,123,0.27,39978.35,8,At Risk
CUST_3277,9/26/2022,77,0.73,27127.02,45,Active
CUST_8240,4/19/2021,220,0.09,15829.26,27,At Risk
CUST_9570,5/4/2020,41,0.95,7679.12,18,Active
CUST_6604,12/17/2022,185,0.62,36971.85,27,Active
CUST_3821,2/8/2020,201,0.71,30268.66,22,Churned
CUST_5991,5/14/2022,325,0.3,32944.95,16,At Risk
CUST_1471,3/26/2023,206,0.41,929.12,2,Active
CUST_2943,10/8/2021,86,0.22,46412.09,5,Churned
CUST_4643,2/7/2023,232,0.93,3781.36,18,Churned
CUST_3108,5/10/2020,214,0.49,18656.89,3,At Risk
CUST_3332,7/2/2021,150,0.63,20434.23,27,Active
CUST_4712,8/20/2023,255,0.73,567.1,17,Churned
CUST_6036,5/4/2022,231,0.37,25105.92,16,Active
CUST_3053,8/27/2022,359,0.72,37764.05,6,At Risk
CUST_4438,8/27/2020,245,0.68,41251.8,7,Churned
CUST_3133,10/10/2022,72,0.71,44030.15,14,Churned
CUST_2287,6/29/2023,52,0.49,24642.08,38,Active
CUST_7960,8/16/2023,184,0.38,31716.49,40,Active
CUST_2830,12/11/2021,215,0.22,4436.23,15,Churned
CUST_2273,7/7/2022,278,0.82,24657.89,47,At Risk
CUST_1308,11/29/2023,266,0.61,8163.38,47,Churned
CUST_8934,6/12/2022,322,0.44,18797.33,48,Churned
CUST_8065,2/12/2020,163,0.94,16800.61,33,At Risk
CUST_1696,11/26/2020,350,0.05,21465.26,43,At Risk
CUST_4217,8/12/2021,51,0.85,28796.01,27,Churned
CUST_2766,1/28/2021,117,1,45192.39,29,At Risk
CUST_1537,8/19/2022,182,0.89,20026.99,37,Active
CUST_9412,12/5/2021,154,0.81,49065.99,5,At Risk
CUST_1971,6/16/2022,108,0.37,38071.89,29,Churned
CUST_8685,4/20/2021,80,0.23,25818.31,32,At Risk
CUST_2948,11/5/2022,245,0.73,32379.31,6,Churned
CUST_5145,3/25/2021,205,0.3,5560.1,2,Churned
CUST_1709,4/18/2023,282,0.18,42303.82,6,At Risk
CUST_2085,11/3/2023,275,0.79,29326.69,46,Churned
CUST_5942,11/25/2021,256,0.31,49310.34,43,At Risk
CUST_1168,5/18/2023,135,0.91,32003.22,4,At Risk
CUST_2581,9/7/2023,222,0.84,41788.52,29,At Risk
CUST_3028,8/17/2022,345,0.85,40088.26,25,Churned
CUST_4365,9/25/2020,331,0.77,17600.33,9,At Risk
CUST_4277,8/23/2021,65,0.88,13350.73,3,Churned
CUST_4027,12/27/2023,233,0.81,21809.43,26,Churned
CUST_6759,3/10/2022,296,0.6,23628.45,48,Churned
CUST_1479,5/3/2022,297,0.3,12384.19,43,Active
CUST_2487,10/10/2023,199,0.89,44782.59,27,Active
CUST_3384,8/29/2023,68,0.84,27356.12,36,Active
CUST_5544,1/7/2022,168,0.47,48933,32,Active
CUST_6698,8/25/2022,321,0.04,40595.88,1,At Risk
CUST_6770,11/27/2020,81,0.64,28007.39,16,Active
CUST_3630,6/27/2023,316,0.05,47378.49,48,At Risk
CUST_9202,2/28/2021,318,0.93,25491.3,11,Active
CUST_4962,8/1/2021,170,0.96,44411.77,26,At Risk
CUST_9272,11/15/2023,175,0.19,18228.17,40,At Risk
CUST_2119,6/25/2020,343,0.68,19242.8,1,At Risk
CUST_2623,9/28/2023,213,0.09,21197.47,26,Churned
CUST_1229,9/15/2022,181,0.73,27557.97,28,Active
CUST_9664,9/21/2020,230,0.35,27897.77,9,At Risk
CUST_4555,12/20/2020,157,0.68,25071.75,44,At Risk
CUST_4138,2/12/2021,316,0.37,15647.05,22,Churned
CUST_5617,11/16/2020,340,0.15,46396.72,8,Active
CUST_3814,5/25/2023,282,0.41,29635.01,49,Active
CUST_9800,10/4/2022,295,0.11,20683.09,42,Active
CUST_1070,7/25/2020,217,0.58,32733.26,27,At Risk
CUST_2616,5/1/2022,259,0.04,38514.35,39,At Risk
CUST_4506,10/8/2022,300,0.53,48056.04,19,Churned
CUST_9260,9/13/2021,288,0.89,25227.68,25,At Risk
CUST_8777,4/25/2021,328,0.84,6048.88,38,Active
CUST_7004,3/4/2021,227,0.88,22317.91,21,Churned
CUST_4033,2/14/2023,352,0.92,24209.04,24,Active
CUST_8203,4/6/2020,85,0.1,44901.21,24,At Risk
CUST_2758,2/7/2020,348,0.13,20042.64,19,Churned
CUST_3963,1/4/2022,232,0.56,47689.55,47,Churned
CUST_6813,6/18/2021,300,0.89,24514.03,2,At Risk
CUST_7219,1/1/2022,138,0.97,48702.13,14,At Risk
CUST_7948,10/18/2023,145,0.05,905.82,32,At Risk
CUST_4510,11/20/2020,121,0.36,44991.36,42,At Risk
CUST_9425,12/23/2020,167,0.21,46590.46,32,At Risk
CUST_4728,10/28/2022,332,0.76,48070.54,28,At Risk
CUST_7677,3/6/2020,86,0.64,1147.29,48,At Risk
CUST_2848,5/10/2020,79,0.12,8999.19,39,At Risk
CUST_6149,11/22/2021,100,0.48,32861.34,40,At Risk
CUST_3025,5/31/2022,111,0.69,1760.9,42,At Risk
CUST_8633,8/21/2020,134,0.78,3648.65,47,At Risk
CUST_2807,6/18/2023,117,0.02,11443.4,40,Active
CUST_9515,4/9/2021,31,0.89,25865.77,13,Active
CUST_3226,9/4/2020,113,0.57,27522.18,12,At Risk
CUST_9123,2/24/2023,72,0.81,2195.93,8,Active
CUST_6918,4/3/2021,183,0.81,8933.18,15,At Risk
CUST_5723,9/23/2022,356,0.19,25235.43,26,Churned
CUST_1665,6/12/2021,123,0.11,29900.06,12,Active
CUST_2347,11/27/2021,327,0.72,7845.88,43,At Risk
CUST_6375,12/28/2021,162,0.16,20242.65,46,Active
CUST_9088,4/5/2020,94,0.85,45267.87,27,At Risk
CUST_2895,2/14/2023,319,0.73,49945.51,18,Churned
CUST_7304,7/1/2021,286,0.84,49367.12,45,Churned
CUST_5646,11/5/2020,242,0.3,44142.89,36,Churned
CUST_8486,11/14/2023,177,0.32,20035.67,49,Churned
CUST_6111,11/21/2022,90,0.67,34485.43,27,Active
CUST_8273,5/22/2023,178,0.03,21121.32,9,At Risk
CUST_4700,10/3/2023,117,0.73,32602.09,39,Active
CUST_7672,8/1/2020,353,0.84,15816.91,1,Active
CUST_5761,12/17/2023,307,0.42,30507.01,7,Active
CUST_8011,4/13/2020,111,0.76,26426.05,26,Active
CUST_4093,6/15/2022,158,0.17,1711.77,7,At Risk
CUST_2140,7/25/2022,315,0.32,39639.79,7,Active
CUST_8793,8/15/2020,309,0.97,1088.94,8,Churned
CUST_7020,8/4/2020,299,0.99,15011.22,16,Active
CUST_3937,6/4/2023,321,0.51,793.24,3,At Risk
CUST_1209,6/2/2023,232,0.93,19121.97,45,Active
CUST_9055,7/27/2020,53,0.52,3626.45,10,Churned
CUST_2723,2/25/2023,340,0.29,45718.79,7,At Risk
CUST_7494,3/26/2020,237,0.27,21076.13,21,At Risk
CUST_8177,11/4/2022,309,0.93,23245.04,37,At Risk
CUST_9563,8/3/2020,234,0.17,17817.59,31,Churned
CUST_2392,12/8/2020,181,0.58,31561.55,23,Churned
CUST_2953,7/14/2023,55,0.56,39328.2,27,At Risk
CUST_3348,8/29/2020,223,0.74,32583.26,22,Active
CUST_7468,2/24/2021,267,0.5,37536.25,39,Churned
CUST_7563,1/10/2022,350,0.27,45345.7,27,Churned
CUST_2666,11/17/2020,104,0.17,43245.55,49,Active
CUST_3764,8/21/2021,192,0.62,33865.89,4,Churned
CUST_2060,12/21/2023,328,0.72,11124.58,24,Churned
CUST_6959,6/23/2022,58,0.57,32066.29,23,Churned
CUST_4261,11/2/2022,194,0.74,25551.11,48,At Risk
CUST_6548,10/17/2022,215,0.14,36002.35,19,Active
CUST_4281,7/22/2020,83,0.88,41730.12,42,At Risk
CUST_7623,11/11/2020,324,0.58,37264.71,3,At Risk
CUST_3011,8/18/2023,71,0.13,42404.78,27,At Risk
CUST_4815,1/14/2022,314,0.46,3661.39,3,At Risk
CUST_7958,11/16/2021,167,0.84,2065.19,28,At Risk
CUST_9177,10/9/2020,216,0.9,13295.78,17,Churned
CUST_5563,9/8/2020,233,0.26,45082.97,31,Churned
CUST_5472,2/17/2021,71,0.71,41271.13,10,Active
CUST_7557,6/18/2022,317,0.1,34295,49,At Risk
CUST_6834,5/1/2022,55,0.03,35187.55,22,Churned
CUST_8795,1/14/2020,85,0.56,36470.19,30,Churned
CUST_7626,5/17/2021,282,0.69,47158.83,49,Active
CUST_8938,8/28/2022,151,0.8,41693.46,21,At Risk
CUST_9379,11/30/2021,135,0.34,31357.82,36,Active
CUST_5569,8/10/2021,159,0.01,33452.91,23,Active
CUST_3414,10/31/2022,187,0.48,11080.14,38,Churned
CUST_8448,12/16/2020,260,0.02,33037.28,12,Churned
CUST_2770,6/23/2020,337,0.09,21521.61,25,Active
CUST_3001,6/28/2021,120,0.33,8071.61,20,At Risk
CUST_5107,2/1/2022,51,0.44,40416.94,49,Active
CUST_9017,4/29/2022,319,0.28,25757.23,49,Churned
CUST_9147,1/8/2022,139,0.58,48882.54,42,Churned
CUST_4781,7/13/2023,78,0.06,14443.13,7,Churned
CUST_3205,9/23/2023,158,0.14,24293.17,29,At Risk
CUST_1486,5/17/2021,102,0.7,22675.78,48,Churned
CUST_2631,11/6/2020,82,0.14,6478.59,29,At Risk
CUST_1865,12/20/2022,197,0.64,21592.71,13,At Risk
CUST_2117,5/13/2022,74,0.05,14733.9,3,Active
CUST_9161,4/12/2021,134,0.41,8435.86,2,At Risk
CUST_1438,10/9/2020,179,0.18,14466.7,16,Active
CUST_3934,5/28/2022,175,0.11,12045.96,30,At Risk
CUST_7269,4/26/2022,233,0.57,36836.64,38,Churned
CUST_6356,4/18/2022,328,0.93,2023.37,6,At Risk
CUST_3502,7/28/2022,196,0.05,31064.41,45,Active
CUST_5960,11/23/2022,230,0.42,38152.74,7,At Risk
CUST_2578,10/29/2023,163,0.71,24295.81,5,At Risk
CUST_2253,1/10/2022,240,0.46,46612.47,7,Churned
CUST_9518,3/1/2020,77,0.81,35540.09,34,Active
CUST_9064,6/25/2022,155,0.18,37522.22,32,At Risk
CUST_8635,10/25/2020,268,0.96,10248.21,49,Active
CUST_4308,1/21/2020,36,0.39,38976.13,13,Churned
CUST_5809,11/25/2022,301,0.34,41688.69,30,Active
CUST_9157,5/22/2020,66,0.87,18382.69,25,At Risk
CUST_9032,6/22/2020,240,0.56,11061.47,21,Churned
CUST_9270,11/23/2021,194,0.52,19560.01,21,Active
CUST_5287,10/6/2021,154,0.73,37110.59,28,At Risk
CUST_9887,4/2/2022,221,0.58,21173.13,48,Churned
CUST_6629,12/2/2020,247,0.16,36964.27,20,At Risk
CUST_9856,6/7/2022,243,0.67,6121.44,34,At Risk
CUST_9955,5/5/2020,91,0.13,40397.58,5,Active
CUST_1289,3/16/2022,357,0.81,13033.77,18,At Risk
CUST_1517,3/16/2020,190,0.99,12821.98,39,At Risk
CUST_8051,9/14/2023,95,0.38,29723.86,43,Churned
CUST_2951,8/6/2023,315,0.44,3970.84,11,At Risk
CUST_7285,11/5/2020,268,0.05,1801.74,17,Churned
CUST_8374,3/22/2023,49,0.01,13420.92,48,Churned
CUST_6153,4/28/2020,217,0.92,27134.34,45,At Risk
CUST_7165,7/17/2023,111,0.13,45427.01,22,At Risk
CUST_8250,12/31/2023,231,0.45,42398.54,37,Churned
CUST_8531,9/14/2023,161,0.82,24777.1,20,Active
CUST_1589,11/30/2022,66,0.89,2334.07,48,Churned
CUST_1538,8/28/2021,161,0.52,26995.01,48,Active
CUST_3897,5/8/2022,106,0.57,35387.38,48,Active
CUST_5965,4/3/2022,118,0.67,17288.64,46,Active
